,country_from,1980,1985,1990,1995,2000,2005,2010,country_to,total
0,Afghanistan,0.0,0.0,1124.0,2239.0,3854.0,4553.0,5333.0,Australia,17103.0
1,Albania,198.0,174.0,189.0,237.0,466.0,549.0,641.0,Australia,2454.0
2,Algeria,0.0,0.0,327.0,400.0,551.0,645.0,749.0,Australia,2672.0
6,Argentina,2079.0,2794.0,3958.0,4674.0,5208.0,6228.0,7361.0,Australia,32302.0
7,Armenia,114.0,108.0,329.0,364.0,420.0,503.0,596.0,Australia,2434.0
9,Austria,6564.0,6678.0,6817.0,6234.0,6999.0,8300.0,9748.0,Australia,51340.0
13,Bangladesh,346.0,477.0,950.0,2755.0,5058.0,5924.0,6892.0,Australia,22402.0
15,Belarus,127.0,121.0,401.0,407.0,466.0,561.0,667.0,Australia,2750.0
16,Belgium,1435.0,1781.0,2085.0,2172.0,2405.0,2865.0,3378.0,Australia,16121.0
20,Bolivia,172.0,225.0,252.0,294.0,357.0,425.0,502.0,Australia,2227.0
21,Bosnia and Herzegovina,4169.0,4954.0,4971.0,7948.0,9586.0,11394.0,13403.0,Australia,56425.0
23,Brazil,534.0,803.0,1437.0,1652.0,2565.0,3095.0,3682.0,Australia,13768.0
24,Brunei,0.0,314.0,583.0,693.0,715.0,853.0,1006.0,Australia,4164.0
25,Bulgaria,749.0,806.0,866.0,1202.0,1409.0,1676.0,1971.0,Australia,8679.0
28,Cambodia,825.0,2725.0,4397.0,6072.0,4985.0,5878.0,6874.0,Australia,31756.0
30,Canada,6189.0,8360.0,11588.0,14033.0,17027.0,20400.0,24143.0,Australia,101740.0
34,Chile,5232.0,7210.0,11050.0,12264.0,13248.0,15828.0,18694.0,Australia,83526.0
35,China,11686.0,16314.0,43349.0,59020.0,74114.0,88726.0,104942.0,Australia,398151.0
36,"China, Hong Kong SAR",6110.0,11448.0,24981.0,29799.0,27288.0,32611.0,38523.0,Australia,170760.0
37,"China, Macao SAR",0.0,404.0,882.0,963.0,788.0,947.0,1123.0,Australia,5107.0
38,Colombia,498.0,661.0,1006.0,1257.0,2258.0,2707.0,3205.0,Australia,11592.0
44,Croatia,11702.0,13866.0,14121.0,22097.0,14554.0,17244.0,20239.0,Australia,113823.0
46,Cyprus,3661.0,5005.0,5839.0,6279.0,5937.0,7025.0,8237.0,Australia,41983.0
47,Czech Republic,5522.0,6292.0,5991.0,5986.0,3915.0,4663.0,5493.0,Australia,37862.0
48,Denmark,1772.0,2161.0,3041.0,3391.0,3720.0,4442.0,5244.0,Australia,23771.0
52,Ecuador,307.0,396.0,505.0,645.0,701.0,837.0,989.0,Australia,4380.0
53,Egypt,13352.0,14772.0,17063.0,17826.0,18023.0,21282.0,24913.0,Australia,127231.0
54,El Salvador,0.0,586.0,2781.0,3289.0,4001.0,4769.0,5621.0,Australia,21047.0
56,Eritrea,0.0,0.0,213.0,474.0,711.0,832.0,968.0,Australia,3198.0
57,Estonia,3244.0,2861.0,1085.0,1812.0,1157.0,1391.0,1651.0,Australia,13201.0
58,Ethiopia,0.0,0.0,643.0,1107.0,1705.0,2005.0,2340.0,Australia,7800.0
59,Fiji,2843.0,5070.0,11389.0,15263.0,19262.0,22985.0,27120.0,Australia,103932.0
60,Finland,2073.0,2372.0,2908.0,2846.0,2724.0,3299.0,3933.0,Australia,20155.0
61,France,4528.0,5786.0,7358.0,8127.0,9379.0,11223.0,13270.0,Australia,59671.0
65,Germany,29943.0,33343.0,36152.0,37363.0,38440.0,45853.0,54088.0,Australia,275182.0
66,Ghana,0.0,0.0,573.0,734.0,980.0,1144.0,1327.0,Australia,4758.0
67,Greece,17611.0,21114.0,24951.0,24871.0,18947.0,22340.0,26123.0,Australia,155957.0
76,Hungary,13180.0,12999.0,13357.0,11924.0,11133.0,13227.0,15556.0,Australia,91376.0
78,India,18793.0,23398.0,26749.0,43241.0,55514.0,65901.0,77458.0,Australia,311054.0
79,Indonesia,7093.0,9258.0,15473.0,17501.0,21045.0,25239.0,29891.0,Australia,125500.0
80,Iran,1567.0,3515.0,6741.0,8557.0,10207.0,12093.0,14194.0,Australia,56874.0
81,Iraq,1207.0,1842.0,2343.0,5222.0,8329.0,9734.0,11305.0,Australia,39982.0
82,Ireland,10310.0,11444.0,16356.0,18589.0,22801.0,27221.0,32129.0,Australia,138850.0
83,Israel,2610.0,3077.0,3146.0,3229.0,3685.0,4356.0,5104.0,Australia,25207.0
84,Italy,26005.0,31232.0,35651.0,35481.0,28401.0,33276.0,38726.0,Australia,228772.0
85,Jamaica,0.0,0.0,355.0,413.0,449.0,537.0,636.0,Australia,2390.0
86,Japan,3969.0,5646.0,11782.0,11599.0,15954.0,19513.0,23442.0,Australia,91905.0
87,Jordan,356.0,465.0,992.0,1365.0,1634.0,1922.0,2245.0,Australia,8979.0
89,Kenya,1293.0,2104.0,2658.0,3242.0,3864.0,4587.0,5391.0,Australia,23139.0
91,Korea,1792.0,3821.0,10020.0,13711.0,20444.0,24534.0,29069.0,Australia,103391.0
92,Kuwait,70.0,91.0,198.0,534.0,893.0,1054.0,1232.0,Australia,4072.0
94,Laos,1212.0,2040.0,3150.0,3709.0,3488.0,4132.0,4848.0,Australia,22579.0
95,Latvia,8534.0,7730.0,3016.0,4843.0,3136.0,3768.0,4468.0,Australia,35495.0
96,Lebanon,8136.0,11225.0,17700.0,20611.0,19505.0,23061.0,27022.0,Australia,127260.0
99,Libya,0.0,0.0,364.0,417.0,448.0,526.0,612.0,Australia,2367.0
101,Lithuania,2856.0,2639.0,1653.0,1818.0,1340.0,1600.0,1890.0,Australia,13796.0
103,Macedonia,9968.0,11780.0,11643.0,18643.0,12583.0,14852.0,17381.0,Australia,96850.0
106,Malaysia,12226.0,19030.0,35366.0,38664.0,38620.0,46171.0,54554.0,Australia,244631.0
109,Malta,5347.0,6527.0,6932.0,6980.0,6530.0,7682.0,8967.0,Australia,48965.0
112,Mauritius,3905.0,5424.0,8150.0,8418.0,6113.0,7276.0,8569.0,Australia,47855.0
113,Mexico,174.0,266.0,362.0,415.0,687.0,825.0,976.0,Australia,3705.0
118,Morocco,0.0,0.0,494.0,585.0,624.0,727.0,844.0,Australia,3274.0
120,Myanmar,3177.0,3647.0,4297.0,5389.0,5459.0,6507.0,7671.0,Australia,36147.0
123,Nepal,0.0,0.0,108.0,480.0,1130.0,1307.0,1506.0,Australia,4531.0
124,Netherlands,26105.0,28265.0,30189.0,29562.0,30259.0,35733.0,41833.0,Australia,221946.0
125,New Zealand,34448.0,49444.0,71264.0,89224.0,124896.0,148937.0,175647.0,Australia,693860.0
128,Nigeria,0.0,0.0,501.0,718.0,1054.0,1228.0,1424.0,Australia,4925.0
129,Norway,836.0,911.0,1038.0,1066.0,1581.0,1880.0,2211.0,Australia,9523.0
130,Occupied Palestinian Territory,0.0,0.0,44.0,1239.0,1285.0,1497.0,1734.0,Australia,5799.0
132,Pakistan,1073.0,1601.0,2412.0,4219.0,6128.0,7175.0,8345.0,Australia,30953.0
135,Papua New Guinea,2538.0,4202.0,6170.0,9078.0,10407.0,12459.0,14736.0,Australia,59590.0
137,Peru,888.0,1133.0,1892.0,2667.0,3568.0,4304.0,5118.0,Australia,19570.0
138,Philippines,8163.0,17026.0,37036.0,43993.0,51487.0,63014.0,75735.0,Australia,296454.0
139,Poland,18978.0,26887.0,29768.0,28437.0,27241.0,32660.0,38671.0,Australia,202642.0
140,Portugal,790.0,1531.0,2487.0,2829.0,2642.0,3138.0,3690.0,Australia,17107.0
142,Romania,2300.0,3309.0,4782.0,5441.0,6048.0,7216.0,8514.0,Australia,37610.0
143,Russia,2331.0,2240.0,5667.0,7482.0,7458.0,9043.0,10796.0,Australia,45017.0
148,Samoa,282.0,1082.0,2444.0,4199.0,3974.0,4776.0,5664.0,Australia,22421.0
153,Serbia and Montenegro,2745.0,3249.0,14456.0,5165.0,19109.0,22678.0,26649.0,Australia,94051.0
154,Seychelles,0.0,0.0,780.0,788.0,633.0,764.0,908.0,Australia,3873.0
156,Singapore,4174.0,6281.0,10155.0,12143.0,14564.0,17457.0,20666.0,Australia,85440.0
157,Slovakia,1966.0,2240.0,2995.0,2130.0,1600.0,1907.0,2246.0,Australia,15084.0
158,Slovenia,1363.0,1623.0,1902.0,2616.0,1727.0,2054.0,2417.0,Australia,13702.0
159,Solomon Islands,137.0,218.0,363.0,433.0,457.0,547.0,648.0,Australia,2803.0
160,Somalia,0.0,0.0,143.0,589.0,1074.0,1258.0,1465.0,Australia,4529.0
161,South Africa,9692.0,14852.0,21396.0,28274.0,44507.0,53166.0,62781.0,Australia,234668.0
162,Spain,2242.0,3020.0,3468.0,3744.0,4052.0,4812.0,5659.0,Australia,26997.0
163,Sri Lanka,8574.0,12156.0,21422.0,27523.0,30913.0,36680.0,43097.0,Australia,180365.0
164,Sudan,0.0,0.0,711.0,1169.0,2017.0,2371.0,2766.0,Australia,9034.0
167,Sweden,1287.0,1681.0,2539.0,2724.0,3517.0,4223.0,5005.0,Australia,20976.0
168,Switzerland,1994.0,2498.0,3261.0,3536.0,5163.0,6136.0,7218.0,Australia,29806.0
169,Syria,698.0,1026.0,1800.0,2213.0,2356.0,2787.0,3266.0,Australia,14146.0
170,Taiwan,310.0,871.0,4956.0,6536.0,9292.0,11255.0,13425.0,Australia,46645.0
172,Tanzania,346.0,618.0,815.0,1042.0,1180.0,1394.0,1631.0,Australia,7026.0
173,Thailand,1002.0,1775.0,4028.0,5438.0,7742.0,9465.0,11367.0,Australia,40817.0
174,Timor Leste,690.0,1660.0,857.0,499.0,2510.0,2984.0,3510.0,Australia,12710.0
176,Tonga,964.0,1827.0,2697.0,3482.0,2889.0,3456.0,4086.0,Australia,19401.0
177,Trinidad and Tobago,0.0,0.0,562.0,692.0,734.0,877.0,1035.0,Australia,3900.0
179,Turkey,3000.0,3971.0,6866.0,8468.0,8609.0,10130.0,11827.0,Australia,52871.0
182,Uganda,249.0,446.0,589.0,848.0,883.0,1045.0,1226.0,Australia,5286.0
183,Ukraine,4196.0,3971.0,5761.0,4982.0,5280.0,6339.0,7515.0,Australia,38044.0
185,United Kingdom,161716.0,202581.0,236878.0,293534.0,381348.0,453536.0,533808.0,Australia,2263401.0
186,United States,15640.0,20793.0,29371.0,30229.0,34372.0,40958.0,48278.0,Australia,219641.0
187,Uruguay,1490.0,1994.0,2883.0,3589.0,3703.0,4440.0,5257.0,Australia,23356.0
189,Vanuatu,149.0,207.0,292.0,307.0,342.0,410.0,484.0,Australia,2191.0
190,Venezuela,127.0,167.0,276.0,384.0,641.0,771.0,914.0,Australia,3280.0
191,Vietnam,10424.0,26505.0,43860.0,59850.0,57970.0,68958.0,81174.0,Australia,348741.0
193,Zambia,445.0,803.0,1060.0,1482.0,2031.0,2421.0,2854.0,Australia,11096.0
194,Zimbabwe,1281.0,2455.0,3746.0,4789.0,6742.0,8040.0,9483.0,Australia,36536.0
212,Belgium,90.0,97.0,185.0,294.0,413.0,662.0,680.0,Austria,2421.0
217,Bosnia and Herzegovina,263.0,382.0,1004.0,2131.0,3527.0,5714.0,5774.0,Austria,18795.0
219,Brazil,79.0,103.0,251.0,342.0,417.0,663.0,690.0,Austria,2545.0
221,Bulgaria,150.0,322.0,1017.0,1477.0,1883.0,3019.0,3103.0,Austria,10971.0
226,Canada,130.0,137.0,261.0,353.0,413.0,663.0,680.0,Austria,2637.0
231,China,185.0,265.0,678.0,867.0,929.0,1492.0,1529.0,Austria,5945.0
240,Croatia,204.0,302.0,790.0,1662.0,2782.0,4488.0,4566.0,Austria,14794.0
243,Czech Republic,809.0,1505.0,4463.0,6088.0,6976.0,11311.0,11414.0,Austria,42566.0
249,Egypt,535.0,724.0,1965.0,2543.0,2514.0,4119.0,4086.0,Austria,16486.0
256,Finland,94.0,103.0,178.0,262.0,362.0,573.0,601.0,Austria,2173.0
257,France,392.0,412.0,749.0,1135.0,1549.0,2473.0,2558.0,Austria,9268.0
261,Germany,5283.0,5897.0,12394.0,18907.0,24629.0,39843.0,40352.0,Austria,147305.0
263,Greece,242.0,195.0,270.0,501.0,745.0,1216.0,1214.0,Austria,4383.0
272,Hungary,627.0,703.0,1884.0,3025.0,4883.0,7867.0,8021.0,Austria,27010.0
274,India,242.0,263.0,533.0,747.0,879.0,1427.0,1437.0,Austria,5528.0
276,Iran,1008.0,842.0,1274.0,2046.0,2724.0,4431.0,4448.0,Austria,16773.0
277,Iraq,177.0,154.0,245.0,474.0,726.0,1183.0,1184.0,Austria,4143.0
280,Italy,1261.0,1431.0,3006.0,3588.0,3436.0,5558.0,5630.0,Austria,23910.0
282,Japan,338.0,371.0,710.0,837.0,843.0,1336.0,1398.0,Austria,5833.0
287,Korea,117.0,137.0,291.0,347.0,348.0,555.0,575.0,Austria,2370.0
320,Netherlands,267.0,241.0,385.0,726.0,1107.0,1789.0,1815.0,Austria,6330.0
324,Nigeria,29.0,50.0,149.0,290.0,427.0,705.0,692.0,Austria,2342.0
325,Norway,49.0,330.0,1244.0,978.0,206.0,331.0,340.0,Austria,3478.0
334,Philippines,430.0,486.0,849.0,957.0,898.0,1427.0,1487.0,Austria,6534.0
335,Poland,1629.0,1391.0,1888.0,3976.0,6634.0,10642.0,10925.0,Austria,37085.0
338,Romania,299.0,534.0,1765.0,2804.0,3969.0,6411.0,6508.0,Austria,22290.0
339,Russia,80.0,111.0,283.0,921.0,1920.0,3055.0,3178.0,Austria,9548.0
349,Serbia and Montenegro,291.0,417.0,1098.0,2340.0,3847.0,6249.0,6287.0,Austria,20529.0
353,Slovakia,278.0,539.0,1590.0,2108.0,2404.0,3871.0,3949.0,Austria,14739.0
354,Slovenia,125.0,181.0,476.0,1011.0,1673.0,2710.0,2739.0,Austria,8915.0
358,Spain,90.0,182.0,547.0,591.0,518.0,826.0,856.0,Austria,3610.0
363,Sweden,200.0,209.0,371.0,532.0,680.0,1088.0,1122.0,Austria,4202.0
364,Switzerland,415.0,427.0,826.0,1292.0,1733.0,2800.0,2841.0,Austria,10334.0
365,Syria,103.0,103.0,211.0,350.0,470.0,770.0,765.0,Austria,2772.0
375,Turkey,345.0,472.0,1227.0,1870.0,2329.0,3804.0,3794.0,Austria,13841.0
379,Ukraine,35.0,50.0,129.0,399.0,806.0,1288.0,1330.0,Austria,4037.0
381,United Kingdom,548.0,544.0,968.0,1437.0,1854.0,2985.0,3047.0,Austria,11383.0
382,United States,1128.0,1105.0,1845.0,2289.0,2363.0,3797.0,3888.0,Austria,16415.0
392,Afghanistan,85.0,340.0,1490.0,2435.0,5115.0,9195.0,12643.0,Canada,31303.0
393,Albania,60.0,60.0,80.0,280.0,2730.0,5685.0,7859.0,Canada,16754.0
394,Algeria,1360.0,1570.0,2555.0,4995.0,12005.0,21555.0,29571.0,Canada,73611.0
396,Angola,105.0,185.0,395.0,595.0,895.0,1495.0,2054.0,Canada,5724.0
397,Antigua and Barbuda,460.0,615.0,985.0,1110.0,1310.0,1725.0,2418.0,Canada,8623.0
398,Argentina,2140.0,2815.0,4225.0,5180.0,5710.0,10475.0,14504.0,Canada,45049.0
399,Armenia,407.0,365.0,424.0,437.0,976.0,1396.0,1943.0,Canada,5948.0
400,Australia,6120.0,5990.0,7965.0,9550.0,11625.0,13975.0,19313.0,Canada,74538.0
401,Austria,13815.0,13380.0,13450.0,13350.0,12835.0,13475.0,18516.0,Canada,98821.0
402,Azerbaijan,488.0,434.0,500.0,290.0,654.0,1610.0,2230.0,Canada,6206.0
403,"Bahamas, The",250.0,310.0,390.0,520.0,675.0,785.0,1096.0,Canada,4026.0
404,Bahrain,55.0,75.0,160.0,320.0,405.0,560.0,776.0,Canada,2351.0
405,Bangladesh,515.0,960.0,2625.0,4900.0,9970.0,18375.0,25225.0,Canada,62570.0
406,Barbados,5440.0,5235.0,6520.0,7810.0,7730.0,9315.0,12921.0,Canada,54971.0
407,Belarus,1416.0,1259.0,1449.0,1094.0,2626.0,4646.0,6429.0,Canada,18919.0
408,Belgium,8355.0,8770.0,9560.0,10085.0,10430.0,11710.0,16136.0,Canada,75046.0
409,Belize,135.0,230.0,220.0,380.0,335.0,480.0,665.0,Canada,2445.0
412,Bolivia,265.0,355.0,750.0,860.0,985.0,1340.0,1862.0,Canada,6417.0
413,Bosnia and Herzegovina,7080.0,6968.0,7944.0,10790.0,16990.0,18615.0,25680.0,Canada,94067.0
415,Brazil,930.0,1515.0,3190.0,4390.0,6480.0,10135.0,14089.0,Canada,40729.0
416,Brunei,340.0,625.0,1455.0,1810.0,1910.0,2565.0,3512.0,Canada,12217.0
417,Bulgaria,710.0,865.0,2125.0,3595.0,5305.0,10495.0,14553.0,Canada,37648.0
419,Burundi,55.0,45.0,165.0,545.0,1025.0,2115.0,2921.0,Canada,6871.0
420,Cambodia,585.0,930.0,1420.0,2595.0,3570.0,5225.0,7183.0,Canada,21508.0
421,Cameroon,25.0,115.0,305.0,715.0,1450.0,2685.0,3681.0,Canada,8976.0
426,Chile,4620.0,5385.0,8140.0,10295.0,11850.0,15150.0,20949.0,Canada,76389.0
427,China,13045.0,26440.0,45480.0,67430.0,132535.0,228840.0,316669.0,Canada,830439.0
428,"China, Hong Kong SAR",20240.0,30305.0,64045.0,96465.0,100645.0,114990.0,159018.0,Canada,585708.0
429,"China, Macao SAR",0.0,1130.0,1880.0,2950.0,2590.0,2630.0,3640.0,Canada,14820.0
430,Colombia,1580.0,1740.0,3035.0,3990.0,8565.0,20820.0,28910.0,Canada,68640.0
432,"Congo, Dem. Rep. of the",250.0,400.0,1145.0,2670.0,4465.0,7540.0,10392.0,Canada,26862.0
434,Costa Rica,125.0,100.0,290.0,495.0,730.0,1345.0,1866.0,Canada,4951.0
435,Cote d'Ivoire,85.0,125.0,275.0,605.0,825.0,1620.0,2216.0,Canada,5751.0
436,Croatia,10255.0,10028.0,11368.0,23320.0,26545.0,25848.0,35414.0,Canada,142778.0
437,Cuba,440.0,595.0,915.0,1660.0,3050.0,5460.0,7538.0,Canada,19658.0
438,Cyprus,960.0,1150.0,1350.0,1665.0,1940.0,2290.0,3139.0,Canada,12494.0
439,Czech Republic,11580.0,12188.0,14664.0,12739.0,15853.0,17069.0,23567.0,Canada,107660.0
440,Denmark,10780.0,10040.0,10095.0,10500.0,9650.0,10525.0,14436.0,Canada,76026.0
442,Dominica,340.0,365.0,560.0,1110.0,1320.0,1655.0,2307.0,Canada,7657.0
443,Dominican Republic,175.0,250.0,585.0,965.0,1145.0,2115.0,2951.0,Canada,8186.0
444,Ecuador,995.0,1070.0,1935.0,3125.0,3820.0,6165.0,8548.0,Canada,25658.0
445,Egypt,10975.0,12440.0,17205.0,21280.0,23410.0,28880.0,39675.0,Canada,153865.0
446,El Salvador,385.0,1905.0,5830.0,8165.0,10605.0,16425.0,22730.0,Canada,66045.0
448,Eritrea,0.0,0.0,0.0,1535.0,2055.0,2765.0,3802.0,Canada,10157.0
449,Estonia,878.0,780.0,898.0,3417.0,3251.0,2874.0,3976.0,Canada,16074.0
450,Ethiopia,350.0,1055.0,2965.0,4660.0,5545.0,8950.0,12306.0,Canada,35831.0
451,Fiji,1660.0,2315.0,4240.0,5690.0,7050.0,9845.0,13632.0,Canada,44432.0
452,Finland,6205.0,5860.0,6355.0,6905.0,6710.0,6955.0,9642.0,Canada,48632.0
453,France,24100.0,25570.0,32150.0,40025.0,48435.0,62965.0,86830.0,Canada,320075.0
456,Georgia,302.0,268.0,308.0,225.0,546.0,980.0,1354.0,Canada,3983.0
457,Germany,88800.0,87255.0,97675.0,105750.0,105385.0,116215.0,160210.0,Canada,761290.0
458,Ghana,865.0,1500.0,4040.0,5735.0,6470.0,10105.0,13923.0,Canada,42638.0
459,Greece,12085.0,12875.0,14135.0,16005.0,15905.0,18960.0,25933.0,Canada,115898.0
460,Grenada,820.0,1270.0,1725.0,3120.0,3500.0,4715.0,6597.0,Canada,21747.0
461,Guatemala,295.0,840.0,1980.0,3150.0,3670.0,6200.0,8556.0,Canada,24691.0
462,Guinea,30.0,110.0,155.0,360.0,650.0,1170.0,1611.0,Canada,4086.0
464,Guyana,10710.0,14990.0,21945.0,28945.0,32295.0,40265.0,55775.0,Canada,204925.0
465,Haiti,8795.0,9070.0,12460.0,16560.0,20725.0,32780.0,45634.0,Canada,146024.0
467,Honduras,100.0,195.0,560.0,920.0,1115.0,1825.0,2552.0,Canada,7267.0
468,Hungary,25315.0,24470.0,25220.0,25695.0,24640.0,27270.0,37492.0,Canada,190102.0
469,Iceland,230.0,290.0,285.0,275.0,235.0,415.0,572.0,Canada,2302.0
470,India,43440.0,50800.0,69360.0,95185.0,134755.0,220180.0,303416.0,Canada,917136.0
471,Indonesia,3680.0,3820.0,4540.0,5370.0,5720.0,8190.0,11347.0,Canada,42667.0
472,Iran,2335.0,6355.0,15315.0,23710.0,37575.0,55765.0,76876.0,Canada,217931.0
473,Iraq,1220.0,1605.0,3030.0,5540.0,8905.0,13730.0,18857.0,Canada,52887.0
474,Ireland,6335.0,10380.0,13090.0,13300.0,13115.0,12970.0,17883.0,Canada,87073.0
475,Israel,3620.0,4390.0,6700.0,6850.0,7580.0,11605.0,16001.0,Canada,56746.0
476,Italy,58630.0,56530.0,65035.0,67935.0,67930.0,83630.0,113763.0,Canada,513453.0
477,Jamaica,21280.0,25640.0,35260.0,46765.0,53490.0,67910.0,94969.0,Canada,345314.0
478,Japan,4695.0,5540.0,8495.0,11375.0,14770.0,19305.0,27137.0,Canada,91317.0
479,Jordan,265.0,450.0,770.0,1405.0,2160.0,3390.0,4661.0,Canada,13101.0
480,Kazakhstan,1114.0,999.0,1159.0,505.0,2260.0,3808.0,5300.0,Canada,15145.0
481,Kenya,3505.0,4495.0,8085.0,9905.0,11575.0,14035.0,19430.0,Canada,71030.0
483,Korea,6290.0,7890.0,13020.0,21265.0,37685.0,61225.0,84891.0,Canada,232266.0
484,Kuwait,20.0,90.0,405.0,1520.0,2940.0,4140.0,5686.0,Canada,14801.0
485,Kyrgyzstan,200.0,181.0,211.0,54.0,296.0,706.0,986.0,Canada,2634.0
486,Laos,715.0,1000.0,1340.0,2335.0,3275.0,4730.0,6512.0,Canada,19907.0
487,Latvia,1286.0,1144.0,1316.0,4267.0,3916.0,4225.0,5847.0,Canada,22001.0
488,Lebanon,4160.0,5655.0,16505.0,20810.0,25490.0,35920.0,49316.0,Canada,157856.0
491,Libya,100.0,145.0,440.0,1075.0,1325.0,1880.0,2567.0,Canada,7532.0
493,Lithuania,969.0,866.0,1001.0,3047.0,2910.0,3254.0,4517.0,Canada,16564.0
494,Luxembourg,240.0,275.0,285.0,320.0,230.0,325.0,448.0,Canada,2123.0
495,Macedonia,1817.0,1785.0,2030.0,3602.0,4020.0,4706.0,6476.0,Canada,24436.0
496,Madagascar,250.0,285.0,560.0,1030.0,1085.0,1535.0,2112.0,Canada,6857.0
498,Malaysia,3330.0,4390.0,7940.0,9885.0,11465.0,13925.0,19288.0,Canada,70223.0
500,Mali,15.0,25.0,145.0,210.0,480.0,560.0,765.0,Canada,2200.0
501,Malta,2070.0,2355.0,2390.0,2625.0,2890.0,3060.0,4180.0,Canada,19570.0
504,Mauritius,1225.0,1460.0,2585.0,3375.0,3630.0,5870.0,8092.0,Canada,26237.0
505,Mexico,1940.0,2505.0,5125.0,7085.0,12360.0,21480.0,29871.0,Canada,80366.0
507,Moldova,1068.0,950.0,1093.0,843.0,1393.0,3493.0,4831.0,Canada,13671.0
510,Morocco,4280.0,5235.0,8030.0,10775.0,14460.0,26205.0,35957.0,Canada,104942.0
511,Mozambique,115.0,160.0,230.0,380.0,480.0,660.0,916.0,Canada,2941.0
512,Myanmar,840.0,1035.0,1360.0,1605.0,1935.0,2930.0,4036.0,Canada,13741.0
515,Nepal,40.0,95.0,90.0,295.0,505.0,1725.0,2370.0,Canada,5120.0
516,Netherlands,55815.0,52650.0,57175.0,59200.0,58480.0,59210.0,81192.0,Canada,423722.0
517,New Zealand,3780.0,3745.0,4475.0,5185.0,5935.0,7280.0,10054.0,Canada,40454.0
518,Nicaragua,85.0,340.0,2095.0,2570.0,3365.0,4610.0,6388.0,Canada,19453.0
520,Nigeria,770.0,1020.0,2220.0,3500.0,6090.0,10375.0,14266.0,Canada,38241.0
521,Norway,3600.0,3325.0,3230.0,3350.0,3145.0,3280.0,4500.0,Canada,24430.0
522,Occupied Palestinian Territory,0.0,0.0,0.0,2690.0,3035.0,3840.0,5221.0,Canada,14786.0
524,Pakistan,6380.0,6955.0,10610.0,16815.0,35200.0,65760.0,90319.0,Canada,232039.0
526,Panama,140.0,220.0,695.0,1050.0,1235.0,1675.0,2325.0,Canada,7340.0
528,Paraguay,535.0,870.0,1075.0,1380.0,1335.0,2160.0,2993.0,Canada,10348.0
529,Peru,1505.0,2070.0,4735.0,7130.0,8675.0,12880.0,17881.0,Canada,54876.0
530,Philippines,31910.0,39675.0,67210.0,103230.0,136190.0,203905.0,285775.0,Canada,867895.0
531,Poland,34995.0,43610.0,63785.0,76605.0,80410.0,95750.0,132578.0,Canada,527733.0
532,Portugal,9170.0,11020.0,16705.0,21845.0,24530.0,32700.0,44932.0,Canada,160902.0
534,Romania,7845.0,9270.0,13715.0,23070.0,34005.0,54160.0,74901.0,Canada,216966.0
535,Russia,12134.0,10870.0,12598.0,16776.0,28736.0,41280.0,57412.0,Canada,179806.0
536,Rwanda,35.0,110.0,290.0,570.0,1165.0,1810.0,2513.0,Canada,6493.0
537,Saint Kitts and Nevis,420.0,515.0,795.0,1445.0,1500.0,1640.0,2263.0,Canada,8578.0
538,Saint Lucia,340.0,555.0,655.0,1055.0,1485.0,1945.0,2732.0,Canada,8767.0
539,Saint Vincent and the Grenadines,815.0,875.0,1585.0,2820.0,3565.0,4700.0,6581.0,Canada,20941.0
543,Saudi Arabia,70.0,80.0,240.0,660.0,1450.0,2935.0,4026.0,Canada,9461.0
544,Senegal,105.0,190.0,350.0,630.0,1040.0,1700.0,2332.0,Canada,6347.0
545,Serbia and Montenegro,6555.0,6451.0,7351.0,6151.0,6481.0,17210.0,23736.0,Canada,73935.0
547,Sierra Leone,120.0,50.0,140.0,360.0,395.0,1205.0,1668.0,Canada,3938.0
548,Singapore,1280.0,1760.0,3380.0,3985.0,5275.0,6055.0,8414.0,Canada,30149.0
549,Slovakia,6450.0,6777.0,7751.0,11076.0,8437.0,10056.0,13919.0,Canada,64466.0
550,Slovenia,2408.0,2354.0,2667.0,6031.0,5845.0,6050.0,8284.0,Canada,33639.0
552,Somalia,65.0,55.0,1660.0,3550.0,4055.0,5935.0,8190.0,Canada,23510.0
553,South Africa,6285.0,8375.0,12850.0,16110.0,21105.0,25535.0,35252.0,Canada,125512.0
554,Spain,3890.0,4065.0,4255.0,4780.0,4745.0,5865.0,8058.0,Canada,35658.0
555,Sri Lanka,2045.0,3485.0,10295.0,17255.0,24070.0,38720.0,53337.0,Canada,149207.0
556,Sudan,185.0,220.0,610.0,1585.0,2975.0,4670.0,6374.0,Canada,16619.0
557,Suriname,120.0,205.0,185.0,330.0,355.0,395.0,545.0,Canada,2135.0
559,Sweden,3540.0,3370.0,3910.0,4115.0,4490.0,4645.0,6443.0,Canada,30513.0
560,Switzerland,8910.0,8790.0,10195.0,12835.0,13715.0,15065.0,20745.0,Canada,90255.0
561,Syria,1300.0,1565.0,3440.0,4925.0,6290.0,9425.0,12949.0,Canada,39894.0
562,Taiwan,14195.0,3140.0,7700.0,20710.0,31335.0,36600.0,50853.0,Canada,164533.0
564,Tanzania,4125.0,5725.0,8045.0,9675.0,10940.0,12020.0,16619.0,Canada,67149.0
565,Thailand,275.0,480.0,805.0,970.0,1575.0,3310.0,4645.0,Canada,12060.0
567,Togo,60.0,50.0,85.0,205.0,490.0,910.0,1239.0,Canada,3039.0
569,Trinidad and Tobago,14635.0,16905.0,23150.0,30955.0,32500.0,38775.0,53835.0,Canada,210755.0
570,Tunisia,890.0,930.0,1520.0,2415.0,3510.0,5675.0,7708.0,Canada,22648.0
571,Turkey,2375.0,3035.0,4020.0,4675.0,5620.0,9535.0,13049.0,Canada,42309.0
574,Uganda,2710.0,3685.0,4395.0,6345.0,7040.0,7525.0,10394.0,Canada,42094.0
575,Ukraine,10020.0,8948.0,10340.0,15011.0,24823.0,33576.0,46599.0,Canada,149317.0
576,United Arab Emirates,0.0,0.0,25.0,70.0,235.0,1235.0,1708.0,Canada,3273.0
577,United Kingdom,291235.0,283280.0,309900.0,323455.0,327065.0,355805.0,490209.0,Canada,2380949.0
578,United States,94820.0,101465.0,119590.0,133720.0,139025.0,155935.0,216803.0,Canada,961358.0
579,Uruguay,1010.0,1205.0,1790.0,2240.0,2655.0,3620.0,4996.0,Canada,17516.0
580,Uzbekistan,496.0,445.0,516.0,259.0,997.0,1701.0,2369.0,Canada,6783.0
582,Venezuela,635.0,1035.0,1685.0,2860.0,3940.0,6855.0,9518.0,Canada,26528.0
583,Vietnam,6590.0,11655.0,18475.0,27590.0,38635.0,56430.0,77867.0,Canada,237242.0
584,Yemen,110.0,80.0,240.0,355.0,495.0,580.0,799.0,Canada,2659.0
585,Zambia,220.0,340.0,720.0,925.0,1350.0,1680.0,2329.0,Canada,7564.0
586,Zimbabwe,495.0,720.0,1265.0,1925.0,2450.0,4865.0,6727.0,Canada,18447.0
590,Algeria,586.0,792.0,1131.0,1411.0,1799.0,1830.0,1954.0,Switzerland,9503.0
594,Argentina,0.0,486.0,1165.0,1349.0,1603.0,1642.0,1768.0,Switzerland,8013.0
596,Australia,0.0,228.0,547.0,792.0,1149.0,1176.0,1266.0,Switzerland,5158.0
597,Austria,7061.0,7002.0,7596.0,8503.0,9734.0,9925.0,10628.0,Switzerland,60449.0
604,Belgium,2296.0,2629.0,3302.0,4058.0,5136.0,5263.0,5676.0,Switzerland,28360.0
609,Bosnia and Herzegovina,588.0,995.0,1624.0,1664.0,2476.0,2611.0,2784.0,Switzerland,12742.0
611,Brazil,0.0,533.0,1266.0,1813.0,2663.0,2755.0,3005.0,Switzerland,12035.0
613,Bulgaria,0.0,274.0,656.0,875.0,1216.0,1256.0,1369.0,Switzerland,5646.0
618,Canada,950.0,1086.0,1380.0,2106.0,3188.0,3277.0,3547.0,Switzerland,15534.0
622,Chile,428.0,568.0,803.0,926.0,1104.0,1132.0,1223.0,Switzerland,6184.0
623,China,241.0,530.0,949.0,1439.0,2189.0,2252.0,2440.0,Switzerland,10040.0
626,Colombia,0.0,263.0,627.0,929.0,1391.0,1436.0,1563.0,Switzerland,6209.0
628,"Congo, Dem. Rep. of the",0.0,270.0,657.0,726.0,814.0,825.0,878.0,Switzerland,4170.0
632,Croatia,655.0,1072.0,1690.0,2327.0,3019.0,3068.0,3262.0,Switzerland,15093.0
635,Czech Republic,12148.0,8686.0,4934.0,4481.0,3773.0,3854.0,4170.0,Switzerland,42046.0
636,Denmark,559.0,673.0,887.0,1153.0,1533.0,1571.0,1693.0,Switzerland,8069.0
641,Egypt,0.0,793.0,1920.0,2050.0,2196.0,2229.0,2372.0,Switzerland,11560.0
648,Finland,821.0,882.0,1083.0,1335.0,1706.0,1768.0,1934.0,Switzerland,9529.0
649,France,13561.0,14517.0,17315.0,21383.0,27182.0,27850.0,30015.0,Switzerland,151823.0
653,Germany,32535.0,33706.0,38403.0,47805.0,60935.0,62216.0,66749.0,Switzerland,342349.0
655,Greece,857.0,1018.0,1292.0,1411.0,1563.0,1592.0,1701.0,Switzerland,9434.0
664,Hungary,4871.0,4573.0,4529.0,4471.0,4329.0,4414.0,4729.0,Switzerland,31916.0
666,India,1056.0,1310.0,1746.0,2226.0,2901.0,2957.0,3163.0,Switzerland,15359.0
667,Indonesia,0.0,229.0,550.0,618.0,714.0,731.0,789.0,Switzerland,3631.0
668,Iran,654.0,972.0,1455.0,1720.0,2086.0,2127.0,2277.0,Switzerland,11291.0
669,Iraq,0.0,84.0,204.0,389.0,649.0,656.0,696.0,Switzerland,2678.0
670,Ireland,0.0,175.0,420.0,552.0,746.0,767.0,828.0,Switzerland,3488.0
671,Israel,492.0,482.0,513.0,593.0,697.0,710.0,760.0,Switzerland,4247.0
672,Italy,7489.0,10847.0,16037.0,17755.0,20002.0,20304.0,21613.0,Switzerland,114047.0
674,Japan,836.0,1064.0,1462.0,1690.0,2047.0,2118.0,2314.0,Switzerland,11531.0
679,Korea,0.0,105.0,249.0,415.0,674.0,698.0,763.0,Switzerland,2904.0
684,Lebanon,0.0,390.0,945.0,1083.0,1272.0,1295.0,1383.0,Switzerland,6368.0
688,Liechtenstein,225.0,264.0,341.0,439.0,577.0,587.0,627.0,Switzerland,3060.0
690,Luxembourg,0.0,143.0,344.0,399.0,473.0,484.0,519.0,Switzerland,2362.0
691,Macedonia,271.0,444.0,724.0,990.0,1359.0,1419.0,1536.0,Switzerland,6743.0
701,Mexico,0.0,201.0,479.0,680.0,986.0,1019.0,1111.0,Switzerland,4476.0
706,Morocco,0.0,509.0,1231.0,1647.0,2238.0,2280.0,2440.0,Switzerland,10345.0
712,Netherlands,3137.0,3768.0,4899.0,5874.0,7226.0,7378.0,7916.0,Switzerland,40198.0
717,Norway,0.0,245.0,591.0,699.0,852.0,872.0,938.0,Switzerland,4197.0
720,Pakistan,0.0,110.0,268.0,344.0,446.0,451.0,477.0,Switzerland,2096.0
725,Peru,0.0,289.0,690.0,1031.0,1553.0,1603.0,1745.0,Switzerland,6911.0
726,Philippines,0.0,374.0,880.0,1205.0,1715.0,1784.0,1963.0,Switzerland,7921.0
727,Poland,1868.0,2511.0,3608.0,3890.0,4274.0,4398.0,4769.0,Switzerland,25318.0
728,Portugal,298.0,783.0,1484.0,1581.0,1714.0,1755.0,1888.0,Switzerland,9503.0
730,Romania,1458.0,1811.0,2441.0,2741.0,3170.0,3257.0,3524.0,Switzerland,18402.0
731,Russia,0.0,313.0,742.0,1329.0,2263.0,2326.0,2522.0,Switzerland,9495.0
741,Serbia and Montenegro,1433.0,2380.0,3845.0,5456.0,7261.0,7277.0,7804.0,Switzerland,35456.0
745,Slovakia,5893.0,4349.0,2529.0,2333.0,1990.0,2041.0,2170.0,Switzerland,21305.0
746,Slovenia,274.0,452.0,721.0,983.0,1334.0,1386.0,1508.0,Switzerland,6658.0
749,South Africa,0.0,228.0,547.0,848.0,1284.0,1314.0,1413.0,Switzerland,5634.0
750,Spain,1806.0,2688.0,4035.0,4421.0,4960.0,5069.0,5446.0,Switzerland,28425.0
751,Sri Lanka,0.0,186.0,452.0,563.0,725.0,738.0,789.0,Switzerland,3453.0
755,Sweden,1686.0,1922.0,2414.0,2803.0,3344.0,3429.0,3698.0,Switzerland,19296.0
757,Syria,0.0,134.0,324.0,385.0,468.0,476.0,507.0,Switzerland,2294.0
761,Thailand,0.0,109.0,258.0,418.0,677.0,706.0,777.0,Switzerland,2945.0
766,Tunisia,285.0,489.0,793.0,1011.0,1304.0,1320.0,1399.0,Switzerland,6601.0
767,Turkey,907.0,1462.0,2305.0,2809.0,3505.0,3559.0,3789.0,Switzerland,18336.0
771,Ukraine,0.0,111.0,258.0,458.0,756.0,760.0,803.0,Switzerland,3146.0
773,United Kingdom,6292.0,6486.0,7363.0,9035.0,11346.0,11580.0,12415.0,Switzerland,64517.0
774,United States,5583.0,5822.0,6715.0,8137.0,10141.0,10405.0,11237.0,Switzerland,58040.0
778,Venezuela,0.0,114.0,272.0,396.0,579.0,595.0,644.0,Switzerland,2600.0
779,Vietnam,576.0,733.0,1001.0,1210.0,1498.0,1529.0,1640.0,Switzerland,8187.0
786,Algeria,10.0,53.0,334.0,550.0,866.0,1193.0,1784.0,Chile,4790.0
790,Argentina,1560.0,1966.0,6746.0,10695.0,15523.0,21795.0,33256.0,Chile,91541.0
792,Australia,20.0,42.0,193.0,347.0,583.0,818.0,1247.0,Chile,3250.0
793,Austria,250.0,224.0,358.0,482.0,571.0,804.0,1229.0,Chile,3918.0
800,Belgium,90.0,201.0,1023.0,1654.0,2511.0,3469.0,5207.0,Chile,14155.0
804,Bolivia,750.0,632.0,628.0,1131.0,1886.0,2703.0,4209.0,Chile,11939.0
807,Brazil,340.0,434.0,1526.0,2715.0,4527.0,6343.0,9657.0,Chile,25542.0
809,Bulgaria,0.0,6.0,49.0,458.0,1413.0,1944.0,2905.0,Chile,6775.0
814,Canada,80.0,101.0,338.0,583.0,931.0,1310.0,2004.0,Chile,5347.0
819,China,70.0,77.0,202.0,475.0,981.0,1373.0,2086.0,Chile,5264.0
822,Colombia,270.0,365.0,1327.0,4620.0,11533.0,16011.0,24147.0,Chile,58273.0
829,Cuba,10.0,225.0,1635.0,3572.0,7034.0,9790.0,14803.0,Chile,37069.0
832,Denmark,40.0,75.0,343.0,470.0,583.0,804.0,1206.0,Chile,3521.0
835,Dominican Republic,30.0,80.0,429.0,1024.0,2173.0,2993.0,4475.0,Chile,11204.0
836,Ecuador,230.0,211.0,330.0,3477.0,10541.0,14724.0,22346.0,Chile,51859.0
839,Equatorial Guinea,0.0,42.0,314.0,517.0,800.0,1101.0,1645.0,Chile,4419.0
844,Finland,10.0,42.0,280.0,407.0,528.0,727.0,1086.0,Chile,3080.0
845,France,630.0,1230.0,5876.0,10069.0,16290.0,22502.0,33758.0,Chile,90355.0
849,Germany,1480.0,1628.0,4615.0,8159.0,13592.0,18881.0,28494.0,Chile,76849.0
860,Hungary,230.0,175.0,127.0,200.0,294.0,415.0,635.0,Chile,2076.0
862,India,30.0,61.0,269.0,410.0,555.0,787.0,1210.0,Chile,3322.0
864,Iran,30.0,49.0,194.0,266.0,344.0,475.0,715.0,Chile,2073.0
866,Ireland,60.0,82.0,319.0,467.0,656.0,908.0,1362.0,Chile,3854.0
868,Italy,890.0,772.0,1128.0,1829.0,2799.0,3910.0,5935.0,Chile,17263.0
870,Japan,140.0,175.0,534.0,765.0,969.0,1355.0,2058.0,Chile,5996.0
875,Korea,70.0,87.0,272.0,410.0,552.0,793.0,1235.0,Chile,3419.0
897,Mexico,60.0,216.0,1323.0,2470.0,4275.0,5954.0,9007.0,Chile,23305.0
902,Morocco,10.0,570.0,4262.0,6194.0,8101.0,11152.0,16669.0,Chile,46958.0
908,Netherlands,150.0,236.0,914.0,1495.0,2279.0,3154.0,4741.0,Chile,12969.0
913,Norway,30.0,61.0,278.0,367.0,403.0,558.0,839.0,Chile,2536.0
918,Panama,70.0,72.0,215.0,351.0,525.0,739.0,1131.0,Chile,3103.0
920,Paraguay,40.0,50.0,149.0,238.0,346.0,493.0,763.0,Chile,2079.0
921,Peru,540.0,678.0,2046.0,5768.0,12556.0,17976.0,27967.0,Chile,67531.0
922,Philippines,60.0,150.0,795.0,1188.0,1616.0,2225.0,3326.0,Chile,9360.0
923,Poland,140.0,165.0,455.0,841.0,1483.0,2053.0,3087.0,Chile,8224.0
924,Portugal,0.0,57.0,426.0,744.0,1227.0,1694.0,2540.0,Chile,6688.0
926,Romania,120.0,108.0,162.0,679.0,1822.0,2515.0,3770.0,Chile,9176.0
927,Russia,92.0,73.0,83.0,694.0,2122.0,2929.0,4390.0,Chile,10383.0
941,Slovakia,145.0,117.0,53.0,156.0,383.0,527.0,787.0,Chile,2168.0
946,Spain,1820.0,1398.0,780.0,1256.0,1790.0,2664.0,4299.0,Chile,14007.0
951,Sweden,10.0,87.0,595.0,886.0,1183.0,1642.0,2477.0,Chile,6880.0
952,Switzerland,150.0,230.0,978.0,2222.0,4563.0,6296.0,9433.0,Chile,23872.0
967,Ukraine,38.0,29.0,0.0,538.0,1836.0,2526.0,3775.0,Chile,8742.0
969,United Kingdom,330.0,822.0,4506.0,6723.0,9126.0,12595.0,18877.0,Chile,52979.0
970,United States,1230.0,1249.0,3176.0,4476.0,5453.0,7683.0,11764.0,Chile,35031.0
971,Uruguay,190.0,292.0,1199.0,1867.0,2683.0,3747.0,5686.0,Chile,15664.0
974,Venezuela,60.0,496.0,3426.0,5843.0,9383.0,12965.0,19458.0,Chile,51631.0
980,Afghanistan,0.0,0.0,0.0,3690.0,5292.0,6027.0,4491.0,Germany,19500.0
981,Albania,628.0,696.0,356.0,2163.0,2073.0,2665.0,1945.0,Germany,10526.0
982,Algeria,298.0,200.0,1225.0,2960.0,2772.0,2164.0,2972.0,Germany,12591.0
984,Angola,0.0,0.0,0.0,814.0,784.0,974.0,806.0,Germany,3378.0
986,Argentina,1393.0,1018.0,1012.0,1389.0,1375.0,1599.0,1779.0,Germany,9565.0
987,Armenia,484.0,623.0,306.0,2038.0,1960.0,2422.0,2533.0,Germany,10366.0
988,Australia,2520.0,1750.0,2021.0,2598.0,3014.0,3171.0,3639.0,Germany,18713.0
989,Austria,49646.0,35876.0,39990.0,50834.0,50781.0,52621.0,58669.0,Germany,338417.0
990,Azerbaijan,324.0,416.0,204.0,1357.0,2000.0,3769.0,3510.0,Germany,11580.0
993,Bangladesh,0.0,0.0,0.0,692.0,767.0,773.0,1115.0,Germany,3347.0
995,Belarus,239.0,379.0,177.0,1310.0,1900.0,4650.0,3107.0,Germany,11762.0
996,Belgium,3979.0,3969.0,5776.0,8237.0,7763.0,6016.0,6449.0,Germany,42189.0
1000,Bolivia,0.0,0.0,0.0,475.0,465.0,531.0,633.0,Germany,2104.0
1001,Bosnia and Herzegovina,9311.0,5593.0,8001.0,10153.0,13696.0,12778.0,15899.0,Germany,75431.0
1003,Brazil,2025.0,1661.0,2740.0,5218.0,5970.0,8540.0,11335.0,Germany,37489.0
1005,Bulgaria,1990.0,2254.0,1146.0,7063.0,6953.0,9272.0,24507.0,Germany,53185.0
1009,Cameroon,0.0,0.0,0.0,1008.0,1237.0,2790.0,2617.0,Germany,7652.0
1010,Canada,3034.0,2514.0,3009.0,4073.0,4748.0,5160.0,4316.0,Germany,26854.0
1014,Chile,1731.0,1346.0,1535.0,1955.0,1945.0,2043.0,2404.0,Germany,12959.0
1015,China,0.0,0.0,0.0,15611.0,18341.0,11507.0,41724.0,Germany,87183.0
1018,Colombia,0.0,0.0,0.0,1918.0,2196.0,2727.0,3435.0,Germany,10276.0
1020,"Congo, Dem. Rep. of the",0.0,0.0,0.0,2090.0,1647.0,1693.0,1385.0,Germany,6815.0
1024,Croatia,13026.0,8060.0,11741.0,15125.0,24680.0,21580.0,24461.0,Germany,118673.0
1025,Cuba,0.0,0.0,0.0,2070.0,2210.0,2926.0,2747.0,Germany,9953.0
1027,Czech Republic,1016.0,1375.0,667.0,12400.0,13033.0,17828.0,13501.0,Germany,59820.0
1028,Denmark,2547.0,2507.0,4067.0,6978.0,6655.0,6394.0,7999.0,Germany,37147.0
1031,Dominican Republic,0.0,0.0,0.0,817.0,1023.0,1491.0,1460.0,Germany,4791.0
1032,Ecuador,0.0,0.0,0.0,815.0,949.0,1268.0,1495.0,Germany,4527.0
1033,Egypt,3671.0,2390.0,1553.0,2349.0,2287.0,1577.0,2511.0,Germany,16338.0
1036,Eritrea,0.0,0.0,0.0,186.0,398.0,1081.0,1064.0,Germany,2729.0
1037,Estonia,105.0,153.0,73.0,518.0,604.0,826.0,665.0,Germany,2944.0
1038,Ethiopia,0.0,0.0,0.0,2170.0,1942.0,2206.0,1790.0,Germany,8108.0
1040,Finland,1965.0,1961.0,2762.0,4905.0,4573.0,4395.0,5165.0,Germany,25726.0
1041,France,15635.0,15037.0,17414.0,31529.0,31327.0,39226.0,44905.0,Germany,195073.0
1043,"Gambia, The",0.0,0.0,0.0,485.0,521.0,624.0,654.0,Germany,2284.0
1044,Georgia,322.0,428.0,209.0,1417.0,762.0,3355.0,3885.0,Germany,10378.0
1046,Ghana,4090.0,3342.0,2968.0,3504.0,3359.0,4438.0,3834.0,Germany,25535.0
1047,Greece,11642.0,14395.0,13553.0,25778.0,24874.0,27471.0,31875.0,Germany,149588.0
1056,Hungary,3176.0,3637.0,1844.0,11446.0,13902.0,16215.0,20985.0,Germany,71205.0
1058,India,11403.0,6694.0,2459.0,3377.0,4543.0,7389.0,11666.0,Germany,47531.0
1059,Indonesia,3700.0,2157.0,633.0,4023.0,4258.0,1716.0,2398.0,Germany,18885.0
1060,Iran,10294.0,12653.0,23731.0,35045.0,28227.0,18794.0,18770.0,Germany,147514.0
1061,Iraq,0.0,0.0,0.0,6921.0,7389.0,10579.0,9342.0,Germany,34231.0
1062,Ireland,1267.0,1439.0,2059.0,4869.0,4851.0,2672.0,4028.0,Germany,21185.0
1063,Israel,3302.0,2145.0,1227.0,1962.0,1543.0,1737.0,1680.0,Germany,13596.0
1064,Italy,24508.0,15271.0,18364.0,24383.0,32180.0,39527.0,47940.0,Germany,202173.0
1066,Japan,5683.0,5100.0,7114.0,10867.0,11607.0,4587.0,16696.0,Germany,61654.0
1067,Jordan,4802.0,2517.0,1445.0,2182.0,1753.0,1486.0,1287.0,Germany,15472.0
1068,Kazakhstan,1478.0,2041.0,986.0,6818.0,9266.0,18579.0,6217.0,Germany,45385.0
1069,Kenya,0.0,0.0,0.0,470.0,538.0,1250.0,1300.0,Germany,3558.0
1071,Korea,5361.0,3901.0,1222.0,8029.0,8113.0,3474.0,12978.0,Germany,43078.0
1073,Kyrgyzstan,226.0,320.0,154.0,1077.0,1368.0,2517.0,2628.0,Germany,8290.0
1075,Latvia,300.0,392.0,193.0,1291.0,1444.0,2107.0,1934.0,Germany,7661.0
1076,Lebanon,2704.0,2280.0,3469.0,6690.0,5089.0,5254.0,5134.0,Germany,30620.0
1081,Lithuania,217.0,346.0,162.0,1200.0,1525.0,3725.0,3533.0,Germany,10708.0
1082,Luxembourg,1060.0,1014.0,1278.0,1952.0,1856.0,1789.0,2909.0,Germany,11858.0
1083,Macedonia,6835.0,4180.0,6046.0,7744.0,14497.0,18382.0,5367.0,Germany,63051.0
1086,Malaysia,0.0,0.0,0.0,290.0,437.0,609.0,854.0,Germany,2190.0
1093,Mexico,0.0,0.0,0.0,1415.0,1600.0,2306.0,2633.0,Germany,7954.0
1095,Moldova,444.0,557.0,275.0,1807.0,2131.0,3672.0,1998.0,Germany,10884.0
1097,Mongolia,0.0,0.0,0.0,204.0,333.0,555.0,2080.0,Germany,3172.0
1098,Morocco,1841.0,1199.0,2447.0,5932.0,6650.0,6460.0,10599.0,Germany,35128.0
1099,Mozambique,0.0,0.0,0.0,566.0,524.0,524.0,482.0,Germany,2096.0
1104,Netherlands,18205.0,14402.0,18423.0,22261.0,21333.0,27471.0,38028.0,Germany,160123.0
1105,New Zealand,0.0,0.0,0.0,441.0,553.0,657.0,781.0,Germany,2432.0
1108,Nigeria,1689.0,898.0,2460.0,2947.0,2782.0,3471.0,3623.0,Germany,17870.0
1109,Norway,0.0,0.0,0.0,1759.0,1718.0,2020.0,2036.0,Germany,7533.0
1112,Pakistan,10708.0,4638.0,1870.0,3036.0,3934.0,4506.0,6272.0,Germany,34964.0
1117,Peru,0.0,0.0,0.0,2137.0,2261.0,2738.0,3295.0,Germany,10431.0
1118,Philippines,0.0,0.0,0.0,9890.0,8571.0,3011.0,3509.0,Germany,24981.0
1119,Poland,16108.0,18884.0,9508.0,59913.0,57183.0,67624.0,93362.0,Germany,322582.0
1120,Portugal,5150.0,772.0,2070.0,4385.0,4194.0,6210.0,8112.0,Germany,30893.0
1122,Romania,3869.0,4332.0,2209.0,13518.0,14697.0,20596.0,21237.0,Germany,80458.0
1123,Russia,3862.0,5807.0,2748.0,19826.0,26068.0,45722.0,57061.0,Germany,161094.0
1133,Serbia and Montenegro,0.0,0.0,0.0,0.0,0.0,13807.0,29909.0,Germany,43716.0
1137,Slovakia,345.0,477.0,230.0,4569.0,6997.0,12650.0,14464.0,Germany,39732.0
1138,Slovenia,3574.0,2267.0,3352.0,4370.0,6986.0,7537.0,6761.0,Germany,34847.0
1140,Somalia,0.0,0.0,0.0,840.0,755.0,819.0,670.0,Germany,3084.0
1141,South Africa,1028.0,657.0,450.0,644.0,679.0,1128.0,886.0,Germany,5472.0
1142,Spain,10329.0,5955.0,5505.0,16000.0,15554.0,18782.0,21681.0,Germany,93806.0
1143,Sri Lanka,0.0,0.0,0.0,4332.0,5046.0,4775.0,6028.0,Germany,20181.0
1144,Sudan,0.0,0.0,0.0,804.0,663.0,413.0,501.0,Germany,2381.0
1147,Sweden,3168.0,2541.0,3247.0,6000.0,5856.0,5697.0,7038.0,Germany,33547.0
1148,Switzerland,11071.0,7544.0,8659.0,9522.0,9254.0,12723.0,12954.0,Germany,71727.0
1149,Syria,3382.0,1999.0,1604.0,3375.0,2964.0,4394.0,3829.0,Germany,21547.0
1150,Taiwan,0.0,0.0,0.0,493.0,650.0,706.0,2705.0,Germany,4554.0
1153,Thailand,0.0,0.0,0.0,2265.0,3828.0,6731.0,9056.0,Germany,21880.0
1155,Togo,0.0,0.0,0.0,1777.0,1724.0,2265.0,1787.0,Germany,7553.0
1158,Tunisia,1175.0,679.0,2603.0,3290.0,3247.0,3151.0,5064.0,Germany,19209.0
1159,Turkey,35827.0,44369.0,30154.0,38833.0,43273.0,42213.0,57009.0,Germany,291678.0
1163,Ukraine,3272.0,4807.0,2288.0,16315.0,20751.0,36753.0,52708.0,Germany,136894.0
1165,United Kingdom,26514.0,23454.0,23984.0,31984.0,33791.0,37101.0,38651.0,Germany,215479.0
1166,United States,29589.0,25054.0,31974.0,39481.0,44135.0,39766.0,40797.0,Germany,250796.0
1168,Uzbekistan,163.0,232.0,111.0,780.0,1135.0,2359.0,2655.0,Germany,7435.0
1170,Venezuela,0.0,0.0,0.0,705.0,804.0,1044.0,1276.0,Germany,3829.0
1171,Vietnam,0.0,0.0,0.0,7706.0,5684.0,6365.0,7535.0,Germany,27290.0
1176,Afghanistan,7.0,11.0,26.0,128.0,433.0,1182.0,1246.0,Denmark,3033.0
1197,Bosnia and Herzegovina,52.0,62.0,79.0,106.0,2669.0,2945.0,3259.0,Denmark,9172.0
1199,Brazil,50.0,86.0,148.0,255.0,375.0,486.0,633.0,Denmark,2033.0
1206,Canada,144.0,240.0,388.0,539.0,738.0,873.0,967.0,Denmark,3889.0
1211,China,120.0,127.0,213.0,481.0,839.0,1297.0,2036.0,Denmark,5113.0
1223,Czech Republic,157.0,178.0,210.0,307.0,389.0,417.0,458.0,Denmark,2116.0
1229,Egypt,145.0,173.0,249.0,343.0,420.0,454.0,442.0,Denmark,2226.0
1236,Finland,549.0,631.0,698.0,839.0,1098.0,1120.0,1098.0,Denmark,6033.0
1237,France,363.0,422.0,553.0,742.0,1174.0,1354.0,1454.0,Denmark,6062.0
1241,Germany,2793.0,3222.0,3837.0,4836.0,6583.0,7251.0,8005.0,Denmark,36527.0
1252,Hungary,238.0,250.0,290.0,317.0,386.0,416.0,457.0,Denmark,2354.0
1253,Iceland,325.0,436.0,567.0,767.0,1356.0,1532.0,1881.0,Denmark,6864.0
1254,India,246.0,296.0,361.0,468.0,644.0,891.0,1217.0,Denmark,4123.0
1256,Iran,47.0,86.0,711.0,1908.0,2845.0,3239.0,3612.0,Denmark,12448.0
1257,Iraq,23.0,35.0,339.0,1119.0,2150.0,3192.0,3215.0,Denmark,10073.0
1260,Italy,200.0,233.0,331.0,504.0,776.0,902.0,950.0,Denmark,3896.0
1267,Korea,21.0,23.0,42.0,148.0,709.0,1733.0,2911.0,Denmark,5587.0
1272,Lebanon,23.0,28.0,549.0,1144.0,1478.0,1634.0,1746.0,Denmark,6602.0
1294,Morocco,86.0,115.0,233.0,452.0,663.0,769.0,806.0,Denmark,3124.0
1300,Netherlands,381.0,461.0,621.0,878.0,1424.0,1640.0,1679.0,Denmark,7084.0
1305,Norway,1871.0,2150.0,2575.0,3098.0,4079.0,4772.0,5219.0,Denmark,23764.0
1308,Pakistan,257.0,292.0,429.0,698.0,1080.0,1315.0,1583.0,Denmark,5654.0
1314,Philippines,84.0,125.0,280.0,482.0,671.0,825.0,976.0,Denmark,3443.0
1315,Poland,801.0,1036.0,1656.0,2265.0,2729.0,3142.0,4030.0,Denmark,15659.0
1318,Romania,38.0,50.0,154.0,304.0,451.0,670.0,903.0,Denmark,2570.0
1319,Russia,139.0,147.0,238.0,597.0,1308.0,1835.0,2262.0,Denmark,6526.0
1336,Somalia,11.0,14.0,39.0,479.0,1227.0,1165.0,850.0,Denmark,3785.0
1338,Spain,117.0,155.0,215.0,339.0,572.0,764.0,842.0,Denmark,3004.0
1339,Sri Lanka,33.0,41.0,306.0,554.0,798.0,896.0,1054.0,Denmark,3682.0
1343,Sweden,1853.0,2328.0,2893.0,3615.0,4824.0,5405.0,5962.0,Denmark,26880.0
1344,Switzerland,199.0,222.0,276.0,349.0,508.0,604.0,656.0,Denmark,2814.0
1349,Thailand,75.0,100.0,161.0,286.0,510.0,737.0,836.0,Denmark,2705.0
1355,Turkey,174.0,247.0,489.0,936.0,1522.0,2086.0,2537.0,Denmark,7991.0
1359,Ukraine,46.0,50.0,79.0,191.0,429.0,706.0,1085.0,Denmark,2586.0
1361,United Kingdom,1168.0,1415.0,1803.0,2582.0,3735.0,4100.0,4200.0,Denmark,19003.0
1362,United States,753.0,945.0,1250.0,1766.0,2580.0,2859.0,3055.0,Denmark,13208.0
1367,Vietnam,35.0,87.0,264.0,582.0,852.0,1129.0,1348.0,Denmark,4297.0
1407,China,19.0,17.0,32.0,233.0,446.0,918.0,1880.0,Finland,3545.0
1419,Czech Republic,436.0,378.0,344.0,1200.0,1936.0,2678.0,3768.0,Finland,10740.0
1429,Estonia,407.0,387.0,495.0,3152.0,5401.0,7679.0,11467.0,Finland,28988.0
1437,Germany,238.0,250.0,317.0,527.0,732.0,1034.0,1576.0,Finland,4674.0
1515,Russia,52.0,49.0,65.0,374.0,763.0,1217.0,1933.0,Finland,4453.0
1539,Sweden,694.0,915.0,1351.0,2446.0,4204.0,5990.0,7891.0,Finland,23491.0
1557,United Kingdom,148.0,152.0,208.0,361.0,511.0,706.0,998.0,Finland,3084.0
1558,United States,316.0,307.0,327.0,464.0,536.0,643.0,925.0,Finland,3518.0
1568,Afghanistan,0.0,187.0,532.0,702.0,941.0,1128.0,1252.0,France,4742.0
1569,Albania,0.0,46.0,128.0,300.0,592.0,711.0,1301.0,France,3078.0
1570,Algeria,7880.0,11051.0,16493.0,29860.0,51280.0,61530.0,104403.0,France,282497.0
1572,Angola,0.0,149.0,420.0,621.0,931.0,1116.0,1881.0,France,5118.0
1574,Argentina,1540.0,1890.0,2484.0,2927.0,3424.0,4118.0,5543.0,France,21926.0
1575,Armenia,364.0,387.0,413.0,675.0,1096.0,1319.0,3543.0,France,7797.0
1576,Australia,400.0,541.0,788.0,1013.0,1321.0,1589.0,2310.0,France,7962.0
1577,Austria,1260.0,1473.0,1828.0,2148.0,2506.0,3015.0,2923.0,France,15153.0
1583,Belarus,92.0,99.0,109.0,181.0,300.0,362.0,1547.0,France,2690.0
1584,Belgium,8476.0,11113.0,15692.0,20045.0,25961.0,31202.0,38775.0,France,151264.0
1586,Benin,1052.0,1247.0,1544.0,2159.0,3065.0,3672.0,5882.0,France,18621.0
1588,Bolivia,0.0,81.0,236.0,296.0,378.0,455.0,750.0,France,2196.0
1589,Bosnia and Herzegovina,640.0,818.0,1122.0,1597.0,2309.0,2774.0,1573.0,France,10833.0
1591,Brazil,1440.0,2013.0,3060.0,3684.0,4427.0,5331.0,9493.0,France,29448.0
1593,Bulgaria,880.0,1058.0,1356.0,1924.0,2777.0,3342.0,5671.0,France,17008.0
1594,Burkina Faso,584.0,628.0,672.0,756.0,851.0,1019.0,1652.0,France,6162.0
1596,Cambodia,1968.0,2500.0,3368.0,5073.0,7726.0,9268.0,9699.0,France,39602.0
1597,Cameroon,2548.0,3405.0,4853.0,6342.0,8478.0,10170.0,18212.0,France,54008.0
1598,Canada,1280.0,1867.0,2928.0,3992.0,5506.0,6620.0,7902.0,France,30095.0
1599,Cape Verde,0.0,20.0,56.0,236.0,547.0,657.0,1407.0,France,2923.0
1600,Central African Republic,436.0,600.0,872.0,1135.0,1517.0,1817.0,3136.0,France,9513.0
1601,Chad,372.0,406.0,445.0,529.0,639.0,765.0,1247.0,France,4403.0
1602,Chile,1488.0,1889.0,2572.0,2867.0,3103.0,3730.0,4526.0,France,20175.0
1603,China,816.0,1802.0,3604.0,4884.0,6814.0,8191.0,22964.0,France,49075.0
1604,"China, Hong Kong SAR",0.0,131.0,384.0,415.0,420.0,506.0,145.0,France,2001.0
1606,Colombia,676.0,954.0,1456.0,1923.0,2586.0,3112.0,6416.0,France,17123.0
1607,Comoros,72.0,111.0,176.0,532.0,1120.0,1342.0,2758.0,France,6111.0
1608,"Congo, Dem. Rep. of the",1476.0,2548.0,4428.0,4524.0,4358.0,5225.0,11139.0,France,33698.0
1609,"Congo, Rep. of the",1776.0,2393.0,3416.0,5748.0,9379.0,11234.0,15295.0,France,49241.0
1611,Cote d'Ivoire,1924.0,2310.0,2893.0,3868.0,5332.0,6391.0,14005.0,France,36723.0
1612,Croatia,966.0,1234.0,1693.0,2412.0,3489.0,4192.0,1715.0,France,15701.0
1613,Cuba,0.0,72.0,208.0,348.0,575.0,691.0,1446.0,France,3340.0
1614,Cyprus,0.0,108.0,312.0,352.0,390.0,468.0,420.0,France,2050.0
1615,Czech Republic,202.0,251.0,337.0,661.0,1198.0,1442.0,2891.0,France,6982.0
1616,Denmark,592.0,808.0,1188.0,1634.0,2289.0,2754.0,2976.0,France,12241.0
1620,Ecuador,0.0,75.0,216.0,286.0,388.0,467.0,964.0,France,2396.0
1621,Egypt,3784.0,4481.0,5540.0,6281.0,7060.0,8459.0,8760.0,France,44365.0
1626,Ethiopia,0.0,98.0,280.0,351.0,445.0,534.0,607.0,France,2315.0
1628,Finland,500.0,625.0,848.0,1109.0,1466.0,1767.0,1855.0,France,8170.0
1630,Gabon,712.0,723.0,704.0,1089.0,1692.0,2030.0,4194.0,France,11144.0
1632,Georgia,123.0,131.0,138.0,223.0,360.0,433.0,1857.0,France,3265.0
1633,Germany,10208.0,12926.0,17692.0,23658.0,31974.0,38461.0,42930.0,France,177849.0
1634,Ghana,0.0,105.0,300.0,366.0,448.0,537.0,748.0,France,2504.0
1635,Greece,1992.0,2350.0,2920.0,3242.0,3516.0,4222.0,4302.0,France,22544.0
1638,Guinea,324.0,468.0,712.0,769.0,816.0,978.0,3939.0,France,8006.0
1639,Guinea-Bissau,0.0,7.0,20.0,281.0,714.0,856.0,271.0,France,2149.0
1641,Haiti,396.0,470.0,588.0,933.0,1476.0,1773.0,4896.0,France,10532.0
1644,Hungary,1920.0,2137.0,2440.0,2647.0,2791.0,3353.0,3562.0,France,18850.0
1646,India,856.0,1146.0,1644.0,2347.0,3406.0,4091.0,7116.0,France,20606.0
1647,Indonesia,0.0,282.0,816.0,918.0,1018.0,1225.0,1755.0,France,6014.0
1648,Iran,3268.0,4929.0,7872.0,8931.0,9981.0,11979.0,12116.0,France,59076.0
1649,Iraq,576.0,743.0,1012.0,1090.0,1152.0,1381.0,1689.0,France,7643.0
1650,Ireland,468.0,774.0,1344.0,1774.0,2364.0,2845.0,4150.0,France,13719.0
1651,Israel,620.0,755.0,976.0,1121.0,1280.0,1538.0,1807.0,France,8097.0
1652,Italy,9932.0,11585.0,14172.0,18192.0,23741.0,28512.0,36672.0,France,142806.0
1654,Japan,2144.0,3196.0,5104.0,6283.0,7848.0,9448.0,11054.0,France,45077.0
1659,Korea,0.0,821.0,2396.0,3161.0,4260.0,5128.0,8411.0,France,24177.0
1662,Laos,936.0,1247.0,1764.0,2877.0,4647.0,5577.0,6060.0,France,23108.0
1664,Lebanon,3304.0,5715.0,9987.0,11375.0,12907.0,15476.0,18561.0,France,77325.0
1669,Lithuania,105.0,112.0,121.0,199.0,324.0,390.0,843.0,France,2094.0
1670,Luxembourg,528.0,618.0,760.0,903.0,1071.0,1286.0,1559.0,France,6725.0
1671,Macedonia,225.0,287.0,393.0,559.0,808.0,971.0,583.0,France,3826.0
1672,Madagascar,2216.0,3321.0,5293.0,6912.0,9192.0,11045.0,14675.0,France,52654.0
1674,Malaysia,0.0,75.0,220.0,285.0,376.0,452.0,646.0,France,2054.0
1676,Mali,656.0,713.0,776.0,1477.0,2610.0,3129.0,6026.0,France,15387.0
1679,Mauritania,124.0,159.0,212.0,545.0,1082.0,1294.0,2082.0,France,5498.0
1680,Mauritius,680.0,1022.0,1624.0,2268.0,3228.0,3875.0,5592.0,France,18289.0
1681,Mexico,908.0,1027.0,1212.0,1582.0,2110.0,2539.0,4857.0,France,14235.0
1683,Moldova,65.0,70.0,76.0,124.0,202.0,243.0,2147.0,France,2927.0
1686,Morocco,10396.0,16191.0,26263.0,36872.0,52794.0,63314.0,102815.0,France,308645.0
1692,Netherlands,2532.0,3623.0,5556.0,7438.0,10139.0,12184.0,15565.0,France,57037.0
1693,New Zealand,0.0,108.0,312.0,377.0,455.0,546.0,795.0,France,2593.0
1695,Niger,224.0,296.0,416.0,426.0,411.0,492.0,1003.0,France,3268.0
1696,Nigeria,304.0,399.0,557.0,672.0,824.0,989.0,1308.0,France,5053.0
1697,Norway,336.0,502.0,804.0,939.0,1086.0,1307.0,1400.0,France,6374.0
1700,Pakistan,112.0,244.0,480.0,707.0,1046.0,1253.0,2243.0,France,6085.0
1705,Peru,0.0,424.0,1232.0,1655.0,2271.0,2732.0,4163.0,France,12477.0
1706,Philippines,0.0,147.0,440.0,850.0,1527.0,1841.0,3713.0,France,8518.0
1707,Poland,6888.0,8686.0,11833.0,13871.0,16149.0,19440.0,25025.0,France,101892.0
1708,Portugal,2160.0,3639.0,6356.0,12045.0,21274.0,25573.0,33647.0,France,104694.0
1710,Romania,3680.0,4289.0,5272.0,6917.0,9259.0,11131.0,19212.0,France,59760.0
1711,Russia,1983.0,2129.0,2326.0,3877.0,6400.0,7708.0,17140.0,France,41563.0
1712,Rwanda,0.0,59.0,168.0,303.0,519.0,623.0,1567.0,France,3239.0
1720,Senegal,1816.0,2272.0,2993.0,4757.0,7522.0,9015.0,16577.0,France,44952.0
1721,Serbia and Montenegro,207.0,264.0,357.0,502.0,716.0,859.0,8025.0,France,10930.0
1725,Slovakia,970.0,1205.0,1601.0,1583.0,1391.0,1674.0,1355.0,France,9779.0
1726,Slovenia,243.0,311.0,428.0,612.0,889.0,1069.0,402.0,France,3954.0
1729,South Africa,0.0,128.0,372.0,539.0,789.0,949.0,1438.0,France,4215.0
1730,Spain,8156.0,10561.0,14733.0,18596.0,23800.0,28615.0,32994.0,France,137455.0
1731,Sri Lanka,0.0,149.0,424.0,1037.0,2061.0,2474.0,3698.0,France,9843.0
1734,Swaziland,0.0,1878.0,5444.0,3672.0,2719.0,3290.0,5168.0,France,22171.0
1735,Sweden,1068.0,1455.0,2148.0,2733.0,3519.0,4236.0,4625.0,France,19784.0
1736,Switzerland,3200.0,2152.0,1587.0,3475.0,9543.0,11471.0,14129.0,France,45557.0
1737,Syria,1872.0,2838.0,4504.0,4807.0,4949.0,5929.0,6939.0,France,31838.0
1738,Taiwan,0.0,213.0,628.0,908.0,1336.0,1610.0,2095.0,France,6790.0
1741,Thailand,0.0,144.0,424.0,587.0,835.0,1007.0,3398.0,France,6395.0
1743,Togo,968.0,1354.0,1997.0,2562.0,3361.0,4026.0,6049.0,France,20317.0
1746,Tunisia,9356.0,11293.0,14304.0,17630.0,22125.0,26525.0,38721.0,France,139954.0
1747,Turkey,1944.0,2567.0,3609.0,5280.0,7818.0,9375.0,16219.0,France,46812.0
1751,Ukraine,483.0,517.0,563.0,936.0,1542.0,1857.0,5790.0,France,11688.0
1753,United Kingdom,6712.0,10578.0,17560.0,23952.0,33157.0,39841.0,62581.0,France,194381.0
1754,United States,4480.0,7194.0,12181.0,14106.0,16059.0,19313.0,20561.0,France,93894.0
1755,Uruguay,0.0,198.0,576.0,661.0,744.0,895.0,854.0,France,3928.0
1758,Venezuela,520.0,549.0,580.0,757.0,1006.0,1211.0,2165.0,France,6788.0
1759,Vietnam,5816.0,7045.0,9000.0,11886.0,16049.0,19261.0,21177.0,France,90234.0
1764,Afghanistan,0.0,754.0,1515.0,1697.0,2034.0,2611.0,3955.0,United Kingdom,12566.0
1766,Algeria,330.0,722.0,1118.0,1253.0,3553.0,4621.0,6948.0,United Kingdom,18545.0
1768,Angola,0.0,191.0,392.0,684.0,849.0,1153.0,1691.0,United Kingdom,4960.0
1769,Antigua and Barbuda,0.0,132.0,275.0,992.0,723.0,1040.0,1478.0,United Kingdom,4640.0
1770,Argentina,0.0,544.0,1120.0,690.0,3000.0,4158.0,6031.0,United Kingdom,15543.0
1772,Australia,4160.0,10410.0,17116.0,9469.0,42275.0,58354.0,84831.0,United Kingdom,226615.0
1773,Austria,2814.0,2773.0,2810.0,3573.0,4123.0,5763.0,8319.0,United Kingdom,30175.0
1775,"Bahamas, The",0.0,48.0,102.0,245.0,698.0,961.0,1399.0,United Kingdom,3453.0
1776,Bahrain,0.0,148.0,303.0,350.0,1090.0,1485.0,2175.0,United Kingdom,5551.0
1777,Bangladesh,6536.0,5070.0,3675.0,27270.0,15507.0,20243.0,30374.0,United Kingdom,108675.0
1778,Barbados,6036.0,4488.0,3020.0,6206.0,4459.0,6347.0,9070.0,United Kingdom,39626.0
1779,Belarus,0.0,20.0,42.0,95.0,429.0,606.0,869.0,United Kingdom,2061.0
1780,Belgium,4023.0,3092.0,2181.0,2537.0,6067.0,8377.0,12176.0,United Kingdom,38453.0
1785,Bosnia and Herzegovina,0.0,183.0,380.0,923.0,2837.0,3970.0,5728.0,United Kingdom,14021.0
1786,Botswana,0.0,78.0,160.0,106.0,652.0,885.0,1299.0,United Kingdom,3180.0
1787,Brazil,0.0,1058.0,2190.0,1361.0,6414.0,9043.0,12992.0,United Kingdom,33058.0
1788,Brunei,0.0,77.0,159.0,117.0,666.0,914.0,1334.0,United Kingdom,3267.0
1789,Bulgaria,142.0,304.0,483.0,332.0,2477.0,3464.0,4999.0,United Kingdom,12201.0
1793,Cameroon,0.0,133.0,273.0,313.0,1367.0,1849.0,2719.0,United Kingdom,6654.0
1794,Canada,13962.0,13451.0,13376.0,8930.0,24948.0,34503.0,50104.0,United Kingdom,159274.0
1798,Chile,0.0,423.0,870.0,592.0,2062.0,2828.0,4126.0,United Kingdom,10901.0
1799,China,3424.0,4712.0,6171.0,5681.0,16520.0,22734.0,33106.0,United Kingdom,92348.0
1800,"China, Hong Kong SAR",2268.0,6542.0,11041.0,16079.0,18738.0,25442.0,37330.0,United Kingdom,117440.0
1802,Colombia,0.0,458.0,943.0,1466.0,3360.0,4724.0,6797.0,United Kingdom,17748.0
1804,"Congo, Dem. Rep. of the",0.0,297.0,603.0,939.0,1852.0,2438.0,3640.0,United Kingdom,9769.0
1805,"Congo, Rep. of the",0.0,112.0,229.0,357.0,723.0,969.0,1433.0,United Kingdom,3823.0
1807,Cote d'Ivoire,0.0,112.0,228.0,323.0,752.0,981.0,1473.0,United Kingdom,3869.0
1808,Croatia,0.0,194.0,405.0,957.0,2831.0,4002.0,5741.0,United Kingdom,14130.0
1809,Cuba,0.0,34.0,71.0,181.0,404.0,551.0,806.0,United Kingdom,2047.0
1810,Cyprus,23139.0,14771.0,6702.0,20036.0,11008.0,14749.0,21804.0,United Kingdom,112209.0
1811,Czech Republic,0.0,518.0,1082.0,841.0,3026.0,4270.0,6132.0,United Kingdom,15869.0
1812,Denmark,1809.0,2142.0,2553.0,2103.0,6850.0,9527.0,13792.0,United Kingdom,38776.0
1814,Dominica,0.0,248.0,519.0,1846.0,981.0,1389.0,1991.0,United Kingdom,6974.0
1816,Ecuador,0.0,190.0,391.0,325.0,602.0,834.0,1209.0,United Kingdom,3551.0
1817,Egypt,4397.0,5653.0,6988.0,3940.0,9842.0,13003.0,19377.0,United Kingdom,63200.0
1820,Eritrea,0.0,277.0,568.0,960.0,1247.0,1624.0,2440.0,United Kingdom,7116.0
1821,Estonia,741.0,393.0,57.0,189.0,340.0,479.0,689.0,United Kingdom,2888.0
1822,Ethiopia,0.0,316.0,645.0,897.0,2529.0,3337.0,4977.0,United Kingdom,12701.0
1823,Fiji,0.0,131.0,268.0,557.0,731.0,999.0,1460.0,United Kingdom,4146.0
1824,Finland,834.0,1218.0,1663.0,790.0,4643.0,6698.0,9502.0,United Kingdom,25348.0
1825,France,5656.0,8531.0,11850.0,7817.0,37393.0,52672.0,75710.0,United Kingdom,199629.0
1827,"Gambia, The",55.0,182.0,319.0,495.0,928.0,1220.0,1824.0,United Kingdom,5023.0
1829,Germany,18018.0,20596.0,23891.0,35758.0,55029.0,76454.0,110741.0,United Kingdom,340487.0
1830,Ghana,2364.0,4935.0,7658.0,7929.0,18038.0,24203.0,35751.0,United Kingdom,100878.0
1831,Greece,1235.0,2191.0,3193.0,2313.0,10421.0,14015.0,20675.0,United Kingdom,54043.0
1832,Grenada,0.0,369.0,774.0,2652.0,1760.0,2511.0,3585.0,United Kingdom,11651.0
1836,Guyana,5046.0,4665.0,4389.0,4588.0,5522.0,7765.0,11172.0,United Kingdom,43147.0
1840,Hungary,3454.0,2661.0,1950.0,2621.0,3309.0,4582.0,6649.0,United Kingdom,25226.0
1841,Iceland,0.0,78.0,160.0,125.0,589.0,809.0,1180.0,United Kingdom,2941.0
1842,India,83643.0,68242.0,54262.0,104618.0,125736.0,169173.0,249502.0,United Kingdom,855176.0
1843,Indonesia,0.0,330.0,683.0,634.0,2377.0,3275.0,4765.0,United Kingdom,12064.0
1844,Iran,4645.0,7707.0,10949.0,4584.0,18672.0,24692.0,36777.0,United Kingdom,108026.0
1845,Iraq,0.0,2981.0,6002.0,2834.0,12901.0,16902.0,25308.0,United Kingdom,66928.0
1846,Ireland,123757.0,91194.0,60652.0,138287.0,88454.0,124338.0,178929.0,United Kingdom,805611.0
1847,Israel,1358.0,1966.0,2641.0,1604.0,3967.0,5412.0,7919.0,United Kingdom,24867.0
1848,Italy,2692.0,4248.0,5984.0,24637.0,22033.0,30125.0,44028.0,United Kingdom,133747.0
1849,Jamaica,35456.0,23342.0,11697.0,41350.0,21299.0,30606.0,43510.0,United Kingdom,207260.0
1850,Japan,3751.0,4620.0,5653.0,3508.0,16171.0,22543.0,32591.0,United Kingdom,88837.0
1851,Jordan,0.0,412.0,829.0,242.0,1369.0,1787.0,2681.0,United Kingdom,7320.0
1853,Kenya,12549.0,17037.0,22025.0,27010.0,36065.0,48356.0,71458.0,United Kingdom,234500.0
1855,Korea,0.0,549.0,1128.0,741.0,5592.0,7764.0,11250.0,United Kingdom,27024.0
1856,Kuwait,0.0,192.0,393.0,428.0,1657.0,2225.0,3285.0,United Kingdom,8180.0
1859,Latvia,0.0,50.0,105.0,358.0,625.0,883.0,1267.0,United Kingdom,3288.0
1860,Lebanon,0.0,1121.0,2276.0,1338.0,3928.0,5221.0,7753.0,United Kingdom,21637.0
1862,Liberia,0.0,66.0,135.0,203.0,383.0,503.0,753.0,United Kingdom,2043.0
1863,Libya,579.0,1022.0,1491.0,1120.0,3579.0,4703.0,7030.0,United Kingdom,19524.0
1865,Lithuania,0.0,67.0,140.0,434.0,816.0,1155.0,1656.0,United Kingdom,4268.0
1867,Macedonia,0.0,33.0,70.0,159.0,568.0,791.0,1145.0,United Kingdom,2766.0
1869,Malawi,694.0,1061.0,1465.0,2323.0,3325.0,4444.0,6579.0,United Kingdom,19891.0
1870,Malaysia,7467.0,11158.0,15329.0,5553.0,21447.0,29819.0,43174.0,United Kingdom,133947.0
1873,Malta,5278.0,4944.0,4800.0,7626.0,6467.0,8797.0,12894.0,United Kingdom,50806.0
1876,Mauritius,5176.0,5867.0,6735.0,4698.0,10277.0,13635.0,20270.0,United Kingdom,66658.0
1877,Mexico,0.0,399.0,818.0,303.0,2654.0,3647.0,5316.0,United Kingdom,13137.0
1882,Morocco,340.0,599.0,876.0,2491.0,2676.0,3557.0,5282.0,United Kingdom,15821.0
1883,Mozambique,0.0,149.0,305.0,555.0,590.0,793.0,1170.0,United Kingdom,3562.0
1884,Myanmar,1390.0,1963.0,2568.0,1948.0,2870.0,3896.0,5717.0,United Kingdom,20352.0
1885,Namibia,0.0,41.0,83.0,91.0,410.0,558.0,818.0,United Kingdom,2001.0
1887,Nepal,0.0,347.0,696.0,753.0,1108.0,1451.0,2174.0,United Kingdom,6529.0
1888,Netherlands,5312.0,5537.0,5944.0,4633.0,14383.0,19659.0,28738.0,United Kingdom,84206.0
1889,New Zealand,3655.0,7000.0,10625.0,5871.0,25222.0,34692.0,50533.0,United Kingdom,137598.0
1892,Nigeria,3482.0,8096.0,12955.0,7941.0,40121.0,54033.0,79647.0,United Kingdom,206275.0
1893,Norway,938.0,1246.0,1592.0,1129.0,4514.0,6248.0,9069.0,United Kingdom,24736.0
1894,Occupied Palestinian Territory,0.0,236.0,479.0,389.0,1131.0,1478.0,2216.0,United Kingdom,5929.0
1896,Pakistan,9010.0,11464.0,14070.0,68076.0,47374.0,62540.0,93239.0,United Kingdom,305773.0
1901,Peru,0.0,318.0,661.0,457.0,1649.0,2331.0,3344.0,United Kingdom,8760.0
1902,Philippines,1565.0,2126.0,2826.0,5591.0,17113.0,25038.0,35245.0,United Kingdom,89504.0
1903,Poland,21919.0,14823.0,8330.0,12167.0,12253.0,17542.0,24989.0,United Kingdom,112023.0
1904,Portugal,374.0,738.0,1139.0,6229.0,4739.0,6536.0,9506.0,United Kingdom,29261.0
1906,Romania,1108.0,904.0,729.0,691.0,2803.0,3914.0,5654.0,United Kingdom,15803.0
1907,Russia,3753.0,2166.0,629.0,1123.0,7083.0,10088.0,14412.0,United Kingdom,39254.0
1908,Rwanda,0.0,37.0,77.0,202.0,405.0,541.0,801.0,United Kingdom,2063.0
1909,Saint Kitts and Nevis,0.0,245.0,513.0,1774.0,1078.0,1534.0,2193.0,United Kingdom,7337.0
1910,Saint Lucia,0.0,303.0,634.0,2211.0,1063.0,1507.0,2158.0,United Kingdom,7876.0
1911,Saint Vincent and the Grenadines,0.0,261.0,546.0,1901.0,1222.0,1745.0,2490.0,United Kingdom,8165.0
1915,Saudi Arabia,0.0,186.0,377.0,271.0,1658.0,2194.0,3266.0,United Kingdom,7952.0
1917,Serbia and Montenegro,0.0,27.0,57.0,1844.0,2894.0,3877.0,5732.0,United Kingdom,14431.0
1918,Seychelles,620.0,420.0,246.0,676.0,534.0,753.0,1082.0,United Kingdom,4331.0
1919,Sierra Leone,830.0,1103.0,1394.0,1748.0,5267.0,7198.0,10522.0,United Kingdom,28062.0
1920,Singapore,1554.0,4212.0,7068.0,6351.0,12949.0,17747.0,25903.0,United Kingdom,75784.0
1921,Slovakia,0.0,192.0,405.0,313.0,1170.0,1691.0,2396.0,United Kingdom,6167.0
1922,Slovenia,0.0,32.0,67.0,154.0,515.0,740.0,1051.0,United Kingdom,2559.0
1924,Somalia,0.0,1087.0,2240.0,4656.0,3047.0,4055.0,6018.0,United Kingdom,21103.0
1925,South Africa,6802.0,11342.0,16300.0,10090.0,46207.0,63244.0,92377.0,United Kingdom,246362.0
1926,Spain,1063.0,2246.0,3564.0,8392.0,17277.0,24354.0,34993.0,United Kingdom,91889.0
1927,Sri Lanka,3904.0,7485.0,11201.0,8810.0,19487.0,25959.0,38502.0,United Kingdom,115348.0
1928,Sudan,0.0,241.0,488.0,798.0,4072.0,5379.0,8017.0,United Kingdom,18995.0
1931,Sweden,1090.0,1709.0,2393.0,1557.0,8471.0,11872.0,17112.0,United Kingdom,44204.0
1932,Switzerland,1114.0,1513.0,1976.0,1892.0,5119.0,7107.0,10298.0,United Kingdom,29019.0
1933,Syria,0.0,365.0,734.0,403.0,1859.0,2424.0,3639.0,United Kingdom,9424.0
1934,Taiwan,0.0,315.0,655.0,219.0,3291.0,4614.0,6650.0,United Kingdom,15744.0
1936,Tanzania,3880.0,4990.0,6231.0,6777.0,10356.0,13857.0,20500.0,United Kingdom,66591.0
1937,Thailand,0.0,505.0,1060.0,2022.0,3567.0,5089.0,7263.0,United Kingdom,19506.0
1941,Trinidad and Tobago,3242.0,4194.0,5394.0,3293.0,8663.0,12482.0,17719.0,United Kingdom,54987.0
1942,Tunisia,234.0,252.0,280.0,682.0,730.0,966.0,1438.0,United Kingdom,4582.0
1943,Turkey,337.0,1519.0,2757.0,7864.0,8719.0,11784.0,17335.0,United Kingdom,50315.0
1946,Uganda,5346.0,7207.0,9323.0,11431.0,16956.0,22786.0,33629.0,United Kingdom,106678.0
1947,Ukraine,0.0,147.0,311.0,902.0,2448.0,3456.0,4962.0,United Kingdom,12226.0
1948,United Arab Emirates,0.0,64.0,130.0,109.0,417.0,569.0,832.0,United Kingdom,2121.0
1950,United States,25597.0,30118.0,35925.0,13362.0,65598.0,90610.0,131672.0,United Kingdom,392882.0
1951,Uruguay,0.0,87.0,178.0,119.0,407.0,560.0,816.0,United Kingdom,2167.0
1954,Venezuela,0.0,300.0,618.0,361.0,1831.0,2532.0,3676.0,United Kingdom,9318.0
1955,Vietnam,739.0,691.0,657.0,5047.0,3401.0,4632.0,6785.0,United Kingdom,21952.0
1956,Yemen,0.0,325.0,661.0,1594.0,2391.0,3160.0,4708.0,United Kingdom,12839.0
1957,Zambia,205.0,1643.0,3158.0,2113.0,8827.0,12050.0,17627.0,United Kingdom,45623.0
1958,Zimbabwe,782.0,3131.0,5649.0,4438.0,15058.0,20761.0,30201.0,United Kingdom,80020.0
1961,Albania,295.0,549.0,276.0,10626.0,20990.0,42451.0,51096.0,Greece,126283.0
1967,Armenia,34.0,114.0,88.0,415.0,1910.0,3317.0,4016.0,Greece,9894.0
1968,Australia,104.0,278.0,182.0,633.0,4090.0,8435.0,10259.0,Greece,23981.0
1969,Austria,68.0,192.0,130.0,57.0,700.0,1454.0,1776.0,Greece,4377.0
1976,Belgium,106.0,335.0,251.0,235.0,900.0,1837.0,2222.0,Greece,5886.0
1983,Brazil,29.0,42.0,15.0,68.0,380.0,788.0,961.0,Greece,2283.0
1985,Bulgaria,71.0,216.0,160.0,1285.0,3520.0,7333.0,8965.0,Greece,21550.0
1990,Canada,111.0,284.0,185.0,242.0,3250.0,6694.0,8135.0,Greece,18901.0
2000,"Congo, Dem. Rep. of the",0.0,0.0,0.0,26.0,420.0,858.0,1037.0,Greece,2341.0
2006,Cyprus,2864.0,5730.0,2996.0,702.0,6520.0,13275.0,16036.0,Greece,48123.0
2007,Czech Republic,22.0,136.0,126.0,212.0,1984.0,2193.0,2628.0,Greece,7301.0
2013,Egypt,873.0,2520.0,1728.0,1501.0,8430.0,16968.0,20371.0,Greece,52391.0
2018,Ethiopia,0.0,59.0,63.0,142.0,480.0,975.0,1177.0,Greece,2896.0
2021,France,496.0,948.0,457.0,118.0,2080.0,4312.0,5258.0,Greece,13669.0
2024,Georgia,361.0,1226.0,951.0,4526.0,14617.0,22856.0,27644.0,Greece,72181.0
2025,Germany,2750.0,5641.0,3055.0,2175.0,18240.0,37551.0,45627.0,Greece,115039.0
2041,Iraq,28.0,61.0,35.0,219.0,400.0,812.0,981.0,Greece,2536.0
2044,Italy,257.0,640.0,402.0,158.0,1860.0,3843.0,4679.0,Greece,11839.0
2047,Jordan,219.0,376.0,172.0,4.0,360.0,708.0,840.0,Greece,2679.0
2048,Kazakhstan,111.0,377.0,291.0,1380.0,3573.0,5220.0,6308.0,Greece,17260.0
2056,Lebanon,271.0,617.0,370.0,121.0,620.0,1242.0,1487.0,Greece,4728.0
2075,Moldova,11.0,42.0,34.0,167.0,1344.0,2476.0,3035.0,Greece,7109.0
2084,Netherlands,50.0,132.0,88.0,39.0,750.0,1561.0,1909.0,Greece,4529.0
2088,Nigeria,27.0,52.0,27.0,33.0,350.0,697.0,832.0,Greece,2018.0
2092,Pakistan,8.0,15.0,8.0,524.0,300.0,586.0,693.0,Greece,2134.0
2098,Philippines,47.0,139.0,94.0,252.0,1010.0,2128.0,2617.0,Greece,6287.0
2099,Poland,28.0,217.0,210.0,506.0,1920.0,3986.0,4865.0,Greece,11732.0
2102,Romania,39.0,161.0,135.0,421.0,2940.0,6082.0,7409.0,Greece,17187.0
2121,South Africa,44.0,163.0,131.0,59.0,1460.0,3004.0,3649.0,Greece,8510.0
2122,Spain,67.0,100.0,29.0,40.0,340.0,713.0,875.0,Greece,2164.0
2124,Sudan,175.0,264.0,100.0,103.0,600.0,1213.0,1461.0,Greece,3916.0
2127,Sweden,88.0,191.0,108.0,55.0,980.0,2022.0,2461.0,Greece,5905.0
2128,Switzerland,87.0,177.0,97.0,37.0,630.0,1307.0,1594.0,Greece,3929.0
2129,Syria,45.0,185.0,154.0,278.0,770.0,1521.0,1808.0,Greece,4761.0
2139,Turkey,6806.0,10775.0,3964.0,15243.0,6590.0,13306.0,16001.0,Greece,72685.0
2143,Ukraine,40.0,153.0,124.0,615.0,4100.0,7225.0,8858.0,Greece,21115.0
2145,United Kingdom,738.0,1472.0,751.0,273.0,4260.0,8805.0,10721.0,Greece,27020.0
2146,United States,1367.0,2770.0,1441.0,1467.0,5500.0,11365.0,13837.0,Greece,37747.0
2148,Uzbekistan,10.0,35.0,28.0,132.0,1475.0,2799.0,3392.0,Greece,7871.0
2164,Australia,169.0,181.0,360.0,501.0,1969.0,2248.0,3796.0,Ireland,9224.0
2172,Belgium,103.0,78.0,166.0,195.0,373.0,426.0,725.0,Ireland,2066.0
2186,Canada,287.0,251.0,493.0,772.0,1482.0,1878.0,3158.0,Ireland,8321.0
2191,China,39.0,46.0,143.0,99.0,339.0,1343.0,2272.0,Ireland,4281.0
2203,Czech Republic,21.0,23.0,38.0,48.0,172.0,760.0,1294.0,Ireland,2356.0
2217,France,348.0,413.0,853.0,1132.0,2749.0,3911.0,6630.0,Ireland,16036.0
2221,Germany,674.0,662.0,1406.0,1893.0,2736.0,4132.0,6961.0,Ireland,18464.0
2234,India,465.0,282.0,787.0,838.0,1383.0,3761.0,6352.0,Ireland,13868.0
2240,Italy,114.0,271.0,213.0,352.0,1121.0,2085.0,3553.0,Ireland,7709.0
2251,Latvia,3.0,19.0,7.0,11.0,251.0,1159.0,1945.0,Ireland,3395.0
2257,Lithuania,3.0,15.0,7.0,11.0,248.0,1984.0,3349.0,Ireland,5617.0
2262,Malaysia,0.0,0.0,0.0,253.0,565.0,863.0,1464.0,Ireland,3145.0
2280,Netherlands,345.0,345.0,586.0,852.0,1179.0,1543.0,2634.0,Ireland,7484.0
2281,New Zealand,81.0,59.0,156.0,238.0,1011.0,1094.0,1861.0,Ireland,4500.0
2284,Nigeria,47.0,37.0,139.0,188.0,2099.0,3517.0,5975.0,Ireland,12002.0
2288,Pakistan,0.0,0.0,0.0,549.0,1168.0,1612.0,2782.0,Ireland,6111.0
2294,Philippines,0.0,0.0,0.0,333.0,1952.0,4207.0,7025.0,Ireland,13517.0
2295,Poland,101.0,53.0,101.0,112.0,370.0,10600.0,18009.0,Ireland,29346.0
2298,Romania,0.0,0.0,0.0,47.0,648.0,1174.0,1998.0,Ireland,3867.0
2299,Russia,10.0,13.0,19.0,126.0,712.0,970.0,1624.0,Ireland,3474.0
2313,Slovakia,9.0,6.0,17.0,21.0,79.0,993.0,1693.0,Ireland,2818.0
2317,South Africa,232.0,138.0,326.0,422.0,2041.0,2585.0,4399.0,Ireland,10143.0
2318,Spain,42.0,101.0,260.0,514.0,1827.0,2726.0,4562.0,Ireland,10032.0
2323,Sweden,87.0,47.0,153.0,212.0,420.0,694.0,1166.0,Ireland,2779.0
2339,Ukraine,6.0,11.0,10.0,15.0,350.0,748.0,1265.0,Ireland,2405.0
2341,United Kingdom,13966.0,22783.0,24446.0,39019.0,60121.0,73075.0,123827.0,Ireland,357237.0
2342,United States,2317.0,1961.0,3670.0,4740.0,6896.0,8138.0,13670.0,Ireland,41392.0
2350,Zimbabwe,0.0,0.0,0.0,0.0,422.0,677.0,1155.0,Ireland,2254.0
2368,Belgium,2471.0,2587.0,2686.0,1185.0,5171.0,5735.0,6393.0,Luxembourg,26228.0
2400,Denmark,148.0,272.0,435.0,91.0,567.0,632.0,706.0,Luxembourg,2851.0
2413,France,2238.0,2120.0,1912.0,2072.0,4393.0,4886.0,5459.0,Luxembourg,23080.0
2417,Germany,1926.0,1818.0,1622.0,1772.0,2553.0,2835.0,3164.0,Luxembourg,15690.0
2436,Italy,427.0,622.0,873.0,2351.0,1033.0,1144.0,1274.0,Luxembourg,7724.0
2476,Netherlands,592.0,606.0,612.0,384.0,856.0,947.0,1053.0,Luxembourg,5050.0
2492,Portugal,514.0,437.0,322.0,6137.0,631.0,703.0,787.0,Luxembourg,9531.0
2514,Spain,41.0,191.0,388.0,256.0,581.0,649.0,727.0,Luxembourg,2833.0
2537,United Kingdom,458.0,654.0,904.0,169.0,1203.0,1332.0,1483.0,Luxembourg,6203.0
2538,United States,142.0,255.0,402.0,53.0,419.0,465.0,518.0,Luxembourg,2254.0
2548,Afghanistan,53.0,103.0,193.0,261.0,2362.0,4049.0,4914.0,Netherlands,11935.0
2550,Algeria,82.0,154.0,286.0,387.0,644.0,876.0,927.0,Netherlands,3356.0
2552,Angola,31.0,58.0,109.0,148.0,347.0,788.0,942.0,Netherlands,2423.0
2554,Argentina,51.0,100.0,194.0,263.0,565.0,557.0,636.0,Netherlands,2366.0
2556,Australia,231.0,453.0,874.0,1187.0,3618.0,2059.0,2197.0,Netherlands,10619.0
2557,Austria,181.0,365.0,721.0,983.0,1661.0,1348.0,1446.0,Netherlands,6705.0
2564,Belgium,1114.0,2227.0,4356.0,5929.0,10408.0,9032.0,9938.0,Netherlands,43004.0
2569,Bosnia and Herzegovina,128.0,251.0,480.0,651.0,1463.0,1643.0,1855.0,Netherlands,6471.0
2571,Brazil,106.0,214.0,424.0,578.0,1556.0,1606.0,2459.0,Netherlands,6943.0
2573,Bulgaria,27.0,54.0,105.0,143.0,308.0,560.0,2451.0,Netherlands,3648.0
2578,Canada,192.0,376.0,724.0,982.0,2170.0,1732.0,1978.0,Netherlands,8154.0
2579,Cape Verde,291.0,566.0,1079.0,1463.0,1854.0,2426.0,2762.0,Netherlands,10441.0
2582,Chile,64.0,125.0,239.0,324.0,729.0,608.0,693.0,Netherlands,2782.0
2583,China,416.0,810.0,1545.0,2095.0,3610.0,4882.0,7452.0,Netherlands,20810.0
2584,"China, Hong Kong SAR",294.0,573.0,1095.0,1485.0,2226.0,2276.0,2470.0,Netherlands,10419.0
2586,Colombia,69.0,144.0,292.0,398.0,1250.0,1470.0,2081.0,Netherlands,5704.0
2588,"Congo, Dem. Rep. of the",66.0,126.0,233.0,315.0,538.0,843.0,910.0,Netherlands,3031.0
2592,Croatia,179.0,350.0,672.0,912.0,1749.0,1965.0,2218.0,Netherlands,8045.0
2595,Czech Republic,69.0,139.0,275.0,375.0,599.0,812.0,1205.0,Netherlands,3474.0
2596,Denmark,64.0,130.0,258.0,352.0,710.0,641.0,677.0,Netherlands,2832.0
2599,Dominican Republic,70.0,148.0,307.0,420.0,1214.0,1198.0,1579.0,Netherlands,4936.0
2601,Egypt,278.0,506.0,899.0,1207.0,1601.0,2305.0,2597.0,Netherlands,9393.0
2606,Ethiopia,145.0,276.0,516.0,698.0,967.0,1358.0,1680.0,Netherlands,5640.0
2608,Finland,39.0,81.0,165.0,226.0,486.0,482.0,537.0,Netherlands,2016.0
2609,France,384.0,763.0,1490.0,2027.0,3873.0,3678.0,4395.0,Netherlands,16610.0
2613,Germany,3472.0,6994.0,13791.0,18788.0,29630.0,23735.0,25401.0,Netherlands,121811.0
2614,Ghana,263.0,504.0,948.0,1283.0,1786.0,2552.0,3017.0,Netherlands,10353.0
2615,Greece,197.0,373.0,688.0,929.0,1669.0,1576.0,1928.0,Netherlands,7360.0
2620,Guyana,56.0,112.0,222.0,302.0,664.0,525.0,579.0,Netherlands,2460.0
2624,Hungary,142.0,282.0,546.0,742.0,1080.0,1172.0,1768.0,Netherlands,5732.0
2626,India,206.0,390.0,721.0,974.0,1715.0,2109.0,3558.0,Netherlands,9673.0
2627,Indonesia,5801.0,11442.0,22108.0,30037.0,39379.0,36051.0,35461.0,Netherlands,180279.0
2628,Iran,307.0,585.0,1089.0,1472.0,3376.0,4148.0,5371.0,Netherlands,16348.0
2629,Iraq,170.0,318.0,584.0,788.0,4450.0,5536.0,7339.0,Netherlands,19185.0
2630,Ireland,118.0,233.0,450.0,611.0,1011.0,922.0,1005.0,Netherlands,4350.0
2631,Israel,91.0,173.0,324.0,437.0,723.0,943.0,1053.0,Netherlands,3744.0
2632,Italy,495.0,924.0,1687.0,2274.0,4158.0,3701.0,4433.0,Netherlands,17672.0
2634,Japan,130.0,256.0,492.0,668.0,1043.0,1136.0,1204.0,Netherlands,4929.0
2639,Korea,30.0,61.0,119.0,162.0,609.0,927.0,1288.0,Netherlands,3196.0
2644,Lebanon,52.0,97.0,180.0,242.0,464.0,606.0,729.0,Netherlands,2370.0
2651,Macedonia,76.0,148.0,284.0,384.0,788.0,884.0,996.0,Netherlands,3560.0
2654,Malaysia,66.0,129.0,247.0,335.0,541.0,611.0,740.0,Netherlands,2669.0
2666,Morocco,3191.0,6108.0,11451.0,15492.0,5931.0,33910.0,39304.0,Netherlands,115387.0
2673,New Zealand,83.0,163.0,314.0,426.0,1236.0,711.0,763.0,Netherlands,3696.0
2676,Nigeria,77.0,145.0,264.0,356.0,625.0,989.0,1360.0,Netherlands,3816.0
2677,Norway,48.0,95.0,187.0,254.0,506.0,472.0,470.0,Netherlands,2032.0
2680,Pakistan,249.0,469.0,864.0,1165.0,1936.0,2110.0,2390.0,Netherlands,9183.0
2685,Peru,30.0,61.0,121.0,165.0,437.0,519.0,742.0,Netherlands,2075.0
2686,Philippines,110.0,232.0,476.0,652.0,1249.0,1660.0,2246.0,Netherlands,6625.0
2687,Poland,310.0,637.0,1278.0,1745.0,3084.0,4627.0,11668.0,Netherlands,23349.0
2688,Portugal,240.0,468.0,895.0,1214.0,2202.0,2334.0,3091.0,Netherlands,10444.0
2690,Romania,77.0,153.0,296.0,403.0,760.0,1214.0,2234.0,Netherlands,5137.0
2691,Russia,77.0,158.0,317.0,432.0,1338.0,2839.0,4051.0,Netherlands,9212.0
2701,Serbia and Montenegro,419.0,817.0,1563.0,2120.0,4182.0,4695.0,5292.0,Netherlands,19088.0
2704,Singapore,60.0,119.0,230.0,313.0,489.0,531.0,599.0,Netherlands,2341.0
2706,Slovenia,76.0,148.0,284.0,385.0,777.0,872.0,984.0,Netherlands,3526.0
2708,Somalia,237.0,451.0,840.0,1136.0,2282.0,2204.0,3211.0,Netherlands,10361.0
2709,South Africa,180.0,353.0,681.0,924.0,1447.0,2182.0,2556.0,Netherlands,8323.0
2710,Spain,502.0,970.0,1839.0,2491.0,4308.0,3702.0,4032.0,Netherlands,17844.0
2711,Sri Lanka,110.0,208.0,381.0,513.0,1081.0,1327.0,1746.0,Netherlands,5366.0
2712,Sudan,19.0,36.0,65.0,87.0,431.0,984.0,932.0,Netherlands,2554.0
2713,Suriname,4689.0,9229.0,17794.0,24169.0,27116.0,40714.0,44568.0,Netherlands,168279.0
2715,Sweden,70.0,139.0,274.0,373.0,762.0,704.0,799.0,Netherlands,3121.0
2716,Switzerland,115.0,231.0,455.0,620.0,1220.0,1030.0,1183.0,Netherlands,4854.0
2717,Syria,57.0,110.0,204.0,276.0,634.0,1089.0,1375.0,Netherlands,3745.0
2721,Thailand,74.0,159.0,329.0,452.0,991.0,1668.0,2337.0,Netherlands,6010.0
2726,Tunisia,106.0,197.0,360.0,485.0,639.0,896.0,1002.0,Netherlands,3685.0
2727,Turkey,4151.0,7996.0,15088.0,20430.0,6481.0,40675.0,46395.0,Netherlands,141216.0
2731,Ukraine,27.0,55.0,109.0,149.0,445.0,943.0,1346.0,Netherlands,3074.0
2733,United Kingdom,1187.0,2295.0,4351.0,5896.0,10135.0,9397.0,9936.0,Netherlands,43197.0
2734,United States,403.0,789.0,1513.0,2053.0,4706.0,3739.0,4236.0,Netherlands,17439.0
2738,Venezuela,42.0,85.0,165.0,224.0,542.0,539.0,701.0,Netherlands,2298.0
2739,Vietnam,230.0,444.0,838.0,1135.0,2024.0,2468.0,2863.0,Netherlands,10002.0
2744,Afghanistan,0.0,1.0,32.0,58.0,94.0,873.0,1780.0,Norway,2838.0
2765,Bosnia and Herzegovina,11.0,14.0,13.0,1720.0,1068.0,2919.0,4032.0,Norway,9777.0
2774,Canada,191.0,295.0,412.0,461.0,778.0,648.0,858.0,Norway,3643.0
2778,Chile,114.0,195.0,810.0,960.0,1010.0,1530.0,2031.0,Norway,6650.0
2779,China,114.0,191.0,462.0,628.0,813.0,1126.0,2001.0,Norway,5335.0
2792,Denmark,2465.0,3272.0,3971.0,4998.0,5688.0,6667.0,7682.0,Norway,34743.0
2800,Eritrea,9.0,23.0,38.0,86.0,75.0,267.0,1651.0,Norway,2149.0
2802,Ethiopia,26.0,65.0,245.0,353.0,546.0,862.0,1309.0,Norway,3406.0
2804,Finland,542.0,752.0,854.0,1146.0,1675.0,1878.0,2220.0,Norway,9067.0
2805,France,258.0,399.0,613.0,494.0,1064.0,813.0,1333.0,Norway,4974.0
2809,Germany,1109.0,1436.0,2174.0,2152.0,3748.0,4038.0,7595.0,Norway,22252.0
2820,Hungary,227.0,271.0,368.0,330.0,390.0,406.0,690.0,Norway,2682.0
2821,Iceland,194.0,311.0,413.0,543.0,798.0,879.0,1520.0,Norway,4658.0
2822,India,222.0,413.0,939.0,879.0,1396.0,1494.0,2532.0,Norway,7875.0
2824,Iran,20.0,52.0,891.0,1334.0,1976.0,2888.0,4120.0,Norway,11281.0
2825,Iraq,5.0,13.0,179.0,400.0,972.0,2973.0,5040.0,Norway,9582.0
2828,Italy,130.0,172.0,194.0,272.0,356.0,439.0,730.0,Norway,2293.0
2835,Korea,13.0,39.0,122.0,243.0,955.0,1077.0,1743.0,Norway,4192.0
2845,Lithuania,3.0,5.0,7.0,21.0,83.0,432.0,3740.0,Norway,4291.0
2862,Morocco,135.0,213.0,204.0,643.0,433.0,1237.0,1620.0,Norway,4485.0
2868,Netherlands,353.0,502.0,1096.0,803.0,1672.0,1349.0,2113.0,Norway,7888.0
2876,Pakistan,606.0,994.0,647.0,2299.0,1218.0,4101.0,5555.0,Norway,15420.0
2882,Philippines,114.0,263.0,1032.0,964.0,1795.0,2238.0,4530.0,Norway,10936.0
2883,Poland,263.0,474.0,1221.0,1135.0,1850.0,2846.0,15924.0,Norway,23713.0
2886,Romania,23.0,35.0,100.0,131.0,305.0,434.0,1492.0,Norway,2520.0
2887,Russia,35.0,43.0,74.0,222.0,905.0,2031.0,3797.0,Norway,7107.0
2897,Serbia and Montenegro,203.0,256.0,286.0,1174.0,978.0,2716.0,3224.0,Norway,8837.0
2904,Somalia,4.0,8.0,129.0,481.0,368.0,2502.0,4412.0,Norway,7904.0
2906,Spain,145.0,191.0,176.0,300.0,324.0,471.0,788.0,Norway,2395.0
2907,Sri Lanka,31.0,106.0,441.0,1261.0,925.0,2232.0,2871.0,Norway,7867.0
2911,Sweden,2265.0,2949.0,4272.0,5089.0,8634.0,8804.0,12440.0,Norway,44453.0
2912,Switzerland,107.0,148.0,312.0,253.0,523.0,396.0,539.0,Norway,2278.0
2917,Thailand,27.0,78.0,111.0,423.0,285.0,1944.0,3927.0,Norway,6795.0
2923,Turkey,224.0,355.0,284.0,1070.0,508.0,2414.0,3340.0,Norway,8195.0
2929,United Kingdom,1531.0,2382.0,3289.0,3067.0,5209.0,4046.0,5249.0,Norway,24773.0
2930,United States,1865.0,2355.0,3454.0,3354.0,5177.0,3976.0,4771.0,Norway,24952.0
2935,Vietnam,135.0,464.0,462.0,1827.0,1150.0,3459.0,4456.0,Norway,11953.0
2948,Australia,7293.0,11484.0,13218.0,11034.0,12117.0,18033.0,17160.0,New Zealand,90339.0
2949,Austria,309.0,636.0,690.0,414.0,351.0,657.0,618.0,New Zealand,3675.0
2953,Bangladesh,15.0,33.0,96.0,573.0,534.0,684.0,643.0,New Zealand,2578.0
2969,Cameroon,573.0,1083.0,1455.0,1470.0,1803.0,4485.0,2614.0,New Zealand,13483.0
2970,Canada,594.0,1122.0,1320.0,1158.0,1323.0,0.0,1686.0,New Zealand,7203.0
2974,Chile,213.0,390.0,906.0,2166.0,4503.0,21342.0,11495.0,New Zealand,41015.0
2975,China,390.0,735.0,1860.0,3366.0,5268.0,2406.0,10296.0,New Zealand,24321.0
2976,"China, Hong Kong SAR",129.0,261.0,630.0,927.0,1131.0,33.0,1070.0,New Zealand,4181.0
2987,Czech Republic,188.0,378.0,430.0,254.0,237.0,690.0,473.0,New Zealand,2650.0
2988,Denmark,258.0,456.0,462.0,285.0,225.0,0.0,342.0,New Zealand,2028.0
2997,Estonia,336.0,681.0,1911.0,1461.0,2604.0,11205.0,5023.0,New Zealand,23221.0
2999,Fiji,585.0,1200.0,3114.0,2295.0,3408.0,1248.0,6233.0,New Zealand,18083.0
3003,"Gambia, The",363.0,936.0,1410.0,1119.0,1554.0,5799.0,3003.0,New Zealand,14184.0
3005,Germany,621.0,1338.0,1788.0,1443.0,1473.0,189.0,2591.0,New Zealand,9443.0
3016,Hungary,759.0,1233.0,1659.0,1815.0,3243.0,19410.0,8917.0,New Zealand,37036.0
3017,Iceland,216.0,384.0,444.0,339.0,564.0,1851.0,974.0,New Zealand,4772.0
3018,India,954.0,1533.0,2460.0,2706.0,4050.0,969.0,10072.0,New Zealand,22744.0
3019,Indonesia,357.0,585.0,618.0,750.0,1188.0,1755.0,1602.0,New Zealand,6855.0
3020,Iran,681.0,972.0,1338.0,1077.0,1377.0,3006.0,2029.0,New Zealand,10480.0
3021,Iraq,27.0,51.0,117.0,534.0,837.0,321.0,1002.0,New Zealand,2889.0
3022,Ireland,654.0,1224.0,1443.0,987.0,1086.0,501.0,1549.0,New Zealand,7444.0
3024,Italy,216.0,477.0,744.0,798.0,1113.0,2829.0,2210.0,New Zealand,8387.0
3026,Japan,81.0,304.0,332.0,433.0,468.0,111.0,849.0,New Zealand,2578.0
3027,Jordan,90.0,156.0,246.0,231.0,273.0,741.0,409.0,New Zealand,2146.0
3029,Kenya,135.0,243.0,396.0,1422.0,1506.0,5946.0,3471.0,New Zealand,13119.0
3031,Korea,13.0,50.0,145.0,1482.0,1278.0,15.0,2552.0,New Zealand,5535.0
3044,Madagascar,333.0,504.0,1926.0,1518.0,1884.0,6321.0,3239.0,New Zealand,15725.0
3046,Malaysia,615.0,768.0,2325.0,1722.0,1887.0,6.0,2773.0,New Zealand,10096.0
3063,Nepal,1347.0,2992.0,3576.0,2331.0,2502.0,8994.0,3672.0,New Zealand,25414.0
3064,Netherlands,3378.0,6783.0,6801.0,4014.0,3477.0,0.0,4920.0,New Zealand,29373.0
3077,Peru,114.0,537.0,1839.0,1896.0,2718.0,7008.0,4722.0,New Zealand,18834.0
3078,Philippines,132.0,366.0,921.0,843.0,1326.0,855.0,2559.0,New Zealand,7002.0
3079,Poland,246.0,507.0,525.0,306.0,264.0,84.0,416.0,New Zealand,2348.0
3082,Romania,123.0,248.0,196.0,259.0,648.0,1857.0,1659.0,New Zealand,4990.0
3087,Saint Vincent and the Grenadines,462.0,1806.0,3243.0,1365.0,2025.0,5502.0,3042.0,New Zealand,17445.0
3088,Samoa,513.0,2157.0,3186.0,1200.0,1473.0,0.0,2209.0,New Zealand,10738.0
3095,Sierra Leone,129.0,267.0,585.0,558.0,759.0,2031.0,1139.0,New Zealand,5468.0
3096,Singapore,134.0,252.0,464.0,408.0,570.0,120.0,885.0,New Zealand,2833.0
3100,Somalia,570.0,864.0,1338.0,2115.0,4593.0,17457.0,7977.0,New Zealand,34914.0
3101,South Africa,630.0,927.0,1371.0,2361.0,5199.0,207.0,8724.0,New Zealand,19419.0
3102,Spain,141.0,243.0,591.0,762.0,1164.0,3435.0,1577.0,New Zealand,7913.0
3103,Sri Lanka,252.0,336.0,825.0,1095.0,1464.0,81.0,1768.0,New Zealand,5821.0
3107,Sweden,195.0,465.0,630.0,465.0,537.0,1578.0,884.0,New Zealand,4754.0
3108,Switzerland,342.0,687.0,729.0,552.0,540.0,78.0,811.0,New Zealand,3739.0
3109,Syria,15.0,36.0,387.0,840.0,1161.0,3339.0,1904.0,New Zealand,7682.0
3110,Taiwan,12.0,24.0,369.0,741.0,804.0,9.0,1332.0,New Zealand,3291.0
3112,Tanzania,75.0,135.0,201.0,267.0,465.0,1227.0,987.0,New Zealand,3357.0
3116,Tonga,273.0,708.0,1674.0,876.0,1374.0,2463.0,2342.0,New Zealand,9710.0
3125,United Kingdom,53226.0,84447.0,94833.0,70557.0,70626.0,104757.0,98833.0,New Zealand,577279.0
3126,United States,1842.0,3192.0,4161.0,4482.0,5154.0,8220.0,7829.0,New Zealand,34880.0
3131,Vietnam,111.0,255.0,336.0,240.0,366.0,696.0,660.0,New Zealand,2664.0
3133,Zambia,75.0,123.0,231.0,327.0,468.0,798.0,756.0,New Zealand,2778.0
3134,Zimbabwe,159.0,330.0,372.0,636.0,1203.0,3597.0,3395.0,New Zealand,9692.0
3140,Angola,6381.0,13140.0,13027.0,20425.0,32428.0,44205.0,53198.0,Portugal,182804.0
3152,Belgium,152.0,313.0,316.0,471.0,706.0,958.0,1150.0,Portugal,4066.0
3159,Brazil,1330.0,3327.0,3894.0,5666.0,8233.0,11231.0,13521.0,Portugal,47202.0
3166,Canada,54.0,124.0,135.0,374.0,871.0,1196.0,1445.0,Portugal,4199.0
3167,Cape Verde,919.0,1469.0,1090.0,1460.0,1913.0,2586.0,3100.0,Portugal,12537.0
3173,"China, Macao SAR",0.0,203.0,410.0,528.0,648.0,879.0,1055.0,Portugal,3723.0
3176,"Congo, Dem. Rep. of the",336.0,613.0,528.0,560.0,432.0,588.0,707.0,Portugal,3764.0
3177,"Congo, Rep. of the",54.0,101.0,88.0,223.0,499.0,678.0,814.0,Portugal,2457.0
3197,France,582.0,1215.0,1209.0,4321.0,11048.0,15163.0,18314.0,Portugal,51852.0
3201,Germany,624.0,1204.0,1166.0,2231.0,4263.0,5793.0,6958.0,Portugal,22239.0
3207,Guinea-Bissau,0.0,244.0,499.0,985.0,1918.0,2580.0,3083.0,Portugal,9309.0
3214,India,918.0,1470.0,1141.0,1306.0,1280.0,1724.0,2062.0,Portugal,9901.0
3220,Italy,224.0,385.0,326.0,450.0,614.0,823.0,982.0,Portugal,3804.0
3251,Moldova,2.0,5.0,6.0,234.0,747.0,988.0,1168.0,Portugal,3150.0
3255,Mozambique,3777.0,8049.0,8386.0,12687.0,19408.0,26413.0,31758.0,Portugal,110478.0
3260,Netherlands,179.0,415.0,483.0,710.0,1057.0,1425.0,1704.0,Portugal,5973.0
3279,Russia,3.0,7.0,8.0,251.0,806.0,1087.0,1302.0,Portugal,3464.0
3286,Sao Tome and Principe,248.0,466.0,422.0,685.0,1127.0,1527.0,1832.0,Portugal,6307.0
3297,South Africa,56.0,144.0,171.0,558.0,1387.0,1894.0,2282.0,Portugal,6492.0
3298,Spain,740.0,1291.0,1032.0,1627.0,2594.0,3528.0,4243.0,Portugal,15055.0
3304,Switzerland,103.0,205.0,204.0,305.0,464.0,629.0,754.0,Portugal,2664.0
3310,Timor Leste,153.0,272.0,234.0,326.0,447.0,605.0,726.0,Portugal,2763.0
3319,Ukraine,7.0,18.0,21.0,846.0,2708.0,3581.0,4240.0,Portugal,11421.0
3321,United Kingdom,739.0,1498.0,1529.0,2079.0,2789.0,3755.0,4491.0,Portugal,16880.0
3322,United States,406.0,766.0,709.0,962.0,1280.0,1738.0,2088.0,Portugal,7949.0
3326,Venezuela,111.0,465.0,686.0,1359.0,2638.0,3614.0,4360.0,Portugal,13233.0
3332,Afghanistan,4.0,12.0,81.0,283.0,769.0,1390.0,2220.0,Sweden,4759.0
3334,Algeria,72.0,99.0,183.0,364.0,499.0,654.0,938.0,Sweden,2809.0
3338,Argentina,163.0,220.0,576.0,707.0,866.0,1171.0,1375.0,Sweden,5078.0
3340,Australia,41.0,71.0,253.0,459.0,761.0,1143.0,1581.0,Sweden,4309.0
3341,Austria,780.0,914.0,1198.0,1213.0,1288.0,1370.0,1746.0,Sweden,8509.0
3345,Bangladesh,27.0,61.0,335.0,606.0,853.0,1353.0,2653.0,Sweden,5888.0
3348,Belgium,68.0,91.0,237.0,284.0,397.0,555.0,778.0,Sweden,2410.0
3352,Bolivia,47.0,131.0,291.0,427.0,564.0,846.0,1315.0,Sweden,3621.0
3353,Bosnia and Herzegovina,3379.0,4396.0,3026.0,12938.0,15439.0,18986.0,23315.0,Sweden,81479.0
3355,Brazil,71.0,115.0,380.0,598.0,870.0,1355.0,2192.0,Sweden,5581.0
3357,Bulgaria,97.0,136.0,493.0,768.0,1007.0,1346.0,2119.0,Sweden,5966.0
3362,Canada,92.0,138.0,356.0,533.0,802.0,1095.0,1524.0,Sweden,4540.0
3366,Chile,503.0,1029.0,2383.0,3041.0,3885.0,5527.0,7084.0,Sweden,23452.0
3367,China,158.0,296.0,1026.0,1994.0,2896.0,4423.0,9033.0,Sweden,19826.0
3370,Colombia,55.0,93.0,343.0,586.0,887.0,1613.0,2745.0,Sweden,6322.0
3376,Croatia,188.0,241.0,154.0,649.0,1119.0,1499.0,1938.0,Sweden,5788.0
3377,Cuba,11.0,16.0,44.0,355.0,762.0,910.0,1159.0,Sweden,3257.0
3379,Czech Republic,468.0,579.0,1414.0,1547.0,1583.0,1656.0,1978.0,Sweden,9225.0
3380,Denmark,4465.0,5170.0,5517.0,5839.0,6676.0,9033.0,11479.0,Sweden,48179.0
3385,Egypt,101.0,141.0,548.0,805.0,936.0,1201.0,1791.0,Sweden,5523.0
3386,El Salvador,3.0,23.0,145.0,300.0,361.0,520.0,727.0,Sweden,2079.0
3388,Eritrea,0.0,0.0,0.0,20.0,334.0,662.0,1338.0,Sweden,2354.0
3389,Estonia,2420.0,2630.0,2728.0,3201.0,3309.0,3705.0,4669.0,Sweden,22662.0
3390,Ethiopia,110.0,257.0,858.0,1527.0,1988.0,2304.0,3460.0,Sweden,10504.0
3392,Finland,23369.0,28392.0,25068.0,28143.0,31346.0,33421.0,35283.0,Sweden,205022.0
3393,France,306.0,392.0,1024.0,1329.0,2109.0,2829.0,3778.0,Sweden,11767.0
3397,Germany,4268.0,5035.0,6815.0,7411.0,8859.0,11074.0,16098.0,Sweden,59560.0
3399,Greece,1367.0,1657.0,1481.0,1725.0,1780.0,2040.0,2884.0,Sweden,12934.0
3408,Hungary,1493.0,1825.0,3133.0,3321.0,3498.0,3676.0,4794.0,Sweden,21740.0
3409,Iceland,233.0,290.0,961.0,1009.0,1048.0,1344.0,1802.0,Sweden,6687.0
3410,India,203.0,314.0,969.0,1361.0,2053.0,3707.0,6430.0,Sweden,15037.0
3411,Indonesia,35.0,55.0,148.0,186.0,290.0,591.0,958.0,Sweden,2263.0
3412,Iran,238.0,810.0,5725.0,10604.0,14063.0,18028.0,25920.0,Sweden,75388.0
3413,Iraq,57.0,410.0,1863.0,5830.0,10537.0,16179.0,29788.0,Sweden,64664.0
3414,Ireland,33.0,61.0,160.0,263.0,413.0,695.0,963.0,Sweden,2588.0
3415,Israel,52.0,88.0,180.0,275.0,362.0,586.0,774.0,Sweden,2317.0
3416,Italy,674.0,775.0,769.0,958.0,1357.0,1743.0,2542.0,Sweden,8818.0
3418,Japan,127.0,169.0,628.0,744.0,992.0,1320.0,1722.0,Sweden,5702.0
3421,Kenya,22.0,36.0,108.0,213.0,353.0,517.0,817.0,Sweden,2066.0
3423,Korea,40.0,78.0,344.0,962.0,2269.0,3204.0,4246.0,Sweden,11143.0
3427,Latvia,415.0,448.0,607.0,762.0,898.0,1186.0,1961.0,Sweden,6277.0
3428,Lebanon,113.0,292.0,595.0,1662.0,2158.0,3006.0,4404.0,Sweden,12230.0
3433,Lithuania,48.0,55.0,80.0,184.0,375.0,941.0,2269.0,Sweden,3952.0
3435,Macedonia,59.0,74.0,34.0,146.0,366.0,616.0,1006.0,Sweden,2301.0
3445,Mexico,21.0,44.0,186.0,280.0,464.0,826.0,1249.0,Sweden,3070.0
3450,Morocco,163.0,239.0,259.0,648.0,869.0,1266.0,1969.0,Sweden,5413.0
3456,Netherlands,326.0,421.0,969.0,1136.0,1634.0,2393.0,3639.0,Sweden,10518.0
3460,Nigeria,18.0,25.0,89.0,186.0,291.0,660.0,1484.0,Sweden,2753.0
3461,Norway,4461.0,5448.0,5242.0,5593.0,6717.0,8617.0,9912.0,Sweden,45990.0
3462,Occupied Palestinian Territory,40.0,53.0,121.0,213.0,250.0,509.0,870.0,Sweden,2056.0
3464,Pakistan,95.0,161.0,375.0,534.0,771.0,1393.0,4598.0,Sweden,7927.0
3469,Peru,38.0,79.0,297.0,963.0,1473.0,2132.0,2917.0,Sweden,7899.0
3470,Philippines,39.0,113.0,426.0,908.0,1429.0,2237.0,3437.0,Sweden,8589.0
3471,Poland,1992.0,3386.0,7995.0,9851.0,11263.0,14471.0,21574.0,Sweden,70532.0
3472,Portugal,204.0,275.0,305.0,361.0,426.0,555.0,820.0,Sweden,2946.0
3474,Romania,212.0,386.0,1746.0,2607.0,3350.0,4415.0,6772.0,Sweden,19488.0
3475,Russia,71.0,86.0,335.0,1434.0,3182.0,5621.0,8339.0,Sweden,19068.0
3485,Serbia and Montenegro,0.0,0.0,0.0,0.0,0.0,396.0,2071.0,Sweden,2467.0
3489,Slovakia,335.0,423.0,832.0,912.0,938.0,1010.0,1217.0,Sweden,5667.0
3492,Somalia,8.0,27.0,118.0,803.0,1103.0,1377.0,2400.0,Sweden,5836.0
3493,South Africa,64.0,86.0,248.0,289.0,406.0,604.0,799.0,Sweden,2496.0
3494,Spain,451.0,572.0,661.0,888.0,1233.0,1799.0,2502.0,Sweden,8106.0
3495,Sri Lanka,36.0,81.0,141.0,280.0,465.0,1041.0,1885.0,Sweden,3929.0
3499,Sweden,279742.0,368588.0,0.0,0.0,0.0,0.0,0.0,Sweden,648330.0
3500,Switzerland,169.0,208.0,423.0,527.0,690.0,846.0,1094.0,Sweden,3957.0
3501,Syria,111.0,264.0,458.0,1125.0,1880.0,2839.0,4180.0,Sweden,10857.0
3505,Thailand,69.0,186.0,198.0,539.0,999.0,2604.0,5376.0,Sweden,9971.0
3510,Tunisia,102.0,160.0,208.0,373.0,464.0,627.0,966.0,Sweden,2900.0
3511,Turkey,947.0,1727.0,1298.0,1882.0,2582.0,3888.0,5927.0,Sweden,18251.0
3514,Uganda,48.0,95.0,249.0,479.0,577.0,732.0,1037.0,Sweden,3217.0
3515,Ukraine,9.0,12.0,80.0,341.0,737.0,1456.0,2575.0,Sweden,5210.0
3517,United Kingdom,746.0,1072.0,2782.0,3718.0,5032.0,6876.0,8787.0,Sweden,29013.0
3518,United States,1169.0,1413.0,3522.0,4456.0,5409.0,6456.0,8061.0,Sweden,30486.0
3519,Uruguay,186.0,274.0,484.0,561.0,658.0,808.0,877.0,Sweden,3848.0
3523,Vietnam,78.0,256.0,145.0,404.0,707.0,1222.0,1871.0,Sweden,4683.0
3528,Afghanistan,1392.0,4538.0,8185.0,9951.0,13719.0,22212.0,24998.0,United States,84995.0
3529,Albania,816.0,1029.0,869.0,3513.0,7640.0,15953.0,25430.0,United States,55250.0
3530,Algeria,1920.0,2725.0,2811.0,3683.0,5399.0,7417.0,9623.0,United States,33578.0
3532,Angola,160.0,496.0,898.0,501.0,629.0,915.0,1048.0,United States,4647.0
3533,Antigua and Barbuda,688.0,1721.0,2890.0,3853.0,5547.0,5693.0,8419.0,United States,28811.0
3534,Argentina,20464.0,33342.0,41213.0,42143.0,47896.0,79436.0,81937.0,United States,346431.0
3535,Armenia,6302.0,8040.0,9438.0,14823.0,26819.0,44184.0,57117.0,United States,166723.0
3536,Australia,13344.0,19255.0,21091.0,24010.0,30375.0,39806.0,45374.0,United States,193255.0
3537,Austria,36048.0,43588.0,35799.0,31497.0,28417.0,31176.0,27195.0,United States,233720.0
3538,Azerbaijan,4933.0,4917.0,4100.0,4732.0,8559.0,11676.0,14685.0,United States,53602.0
3539,"Bahamas, The",2128.0,3708.0,4933.0,5849.0,7654.0,10536.0,12609.0,United States,47417.0
3540,Bahrain,112.0,285.0,474.0,263.0,331.0,482.0,550.0,United States,2497.0
3541,Bangladesh,2944.0,6708.0,10323.0,18487.0,32389.0,56855.0,70559.0,United States,198265.0
3542,Barbados,4048.0,8109.0,12028.0,12449.0,14095.0,20458.0,22765.0,United States,93952.0
3543,Belarus,4042.0,5862.0,6799.0,12985.0,23501.0,39395.0,46030.0,United States,138614.0
3544,Belgium,11744.0,15653.0,15277.0,15168.0,16488.0,20864.0,18420.0,United States,113614.0
3545,Belize,2544.0,5443.0,8366.0,9173.0,11164.0,17026.0,18824.0,United States,72540.0
3548,Bolivia,5488.0,9775.0,13062.0,13986.0,16750.0,33008.0,34504.0,United States,126573.0
3549,Bosnia and Herzegovina,9931.0,14091.0,14748.0,17144.0,22440.0,40183.0,47770.0,United States,166307.0
3551,Brazil,12032.0,22852.0,32520.0,44697.0,66004.0,115015.0,143764.0,United States,436884.0
3553,Bulgaria,2944.0,4273.0,4591.0,8193.0,14156.0,30845.0,31969.0,United States,96971.0
3556,Cambodia,2016.0,8117.0,15694.0,18007.0,23441.0,38332.0,40493.0,United States,146100.0
3557,Cameroon,544.0,1394.0,2296.0,3871.0,6562.0,11445.0,20642.0,United States,46754.0
3558,Canada,216416.0,299653.0,311109.0,320996.0,363758.0,434951.0,449456.0,United States,2396339.0
3559,Cape Verde,912.0,1418.0,1657.0,2005.0,2714.0,4343.0,7085.0,United States,20134.0
3562,Chile,11184.0,18758.0,23929.0,25171.0,29419.0,40485.0,42345.0,United States,191291.0
3563,China,100000.0,163098.0,201137.0,258786.0,367573.0,578813.0,644529.0,United States,2313936.0
3564,"China, Hong Kong SAR",20576.0,44730.0,69034.0,75019.0,91131.0,120989.0,127326.0,United States,548805.0
3565,"China, Macao SAR",1264.0,2195.0,2891.0,1625.0,2036.0,2970.0,3409.0,United States,16390.0
3566,Colombia,31504.0,61636.0,89137.0,105592.0,138988.0,225578.0,262947.0,United States,915382.0
3568,"Congo, Dem. Rep. of the",368.0,1043.0,1800.0,995.0,1253.0,1820.0,2077.0,United States,9356.0
3570,Costa Rica,6336.0,10886.0,14227.0,15347.0,18455.0,28510.0,29953.0,United States,123714.0
3571,Cote d'Ivoire,272.0,530.0,723.0,387.0,491.0,707.0,796.0,United States,3906.0
3572,Croatia,8376.0,11884.0,12451.0,14490.0,18969.0,27336.0,32019.0,United States,125525.0
3573,Cuba,138336.0,205774.0,231546.0,219622.0,224903.0,315396.0,349878.0,United States,1685455.0
3574,Cyprus,1648.0,2854.0,3686.0,3828.0,4496.0,2219.0,0.0,United States,18731.0
3575,Czech Republic,17246.0,22517.0,20990.0,19492.0,19488.0,24874.0,23593.0,United States,148200.0
3576,Denmark,12080.0,16549.0,16834.0,15358.0,14737.0,20007.0,18677.0,United States,114242.0
3578,Dominica,384.0,1604.0,3200.0,3222.0,3551.0,9147.0,10854.0,United States,31962.0
3579,Dominican Republic,12560.0,32813.0,55992.0,72758.0,103165.0,168677.0,211261.0,United States,657226.0
3580,Ecuador,15184.0,27870.0,38358.0,45587.0,60315.0,102839.0,125268.0,United States,415421.0
3581,Egypt,21881.0,34866.0,41419.0,46198.0,58671.0,75931.0,85356.0,United States,364322.0
3582,El Salvador,11312.0,28500.0,47548.0,55143.0,71554.0,138556.0,176828.0,United States,529441.0
3584,Eritrea,0.0,0.0,0.0,2148.0,5409.0,7122.0,10907.0,United States,25586.0
3585,Estonia,15641.0,28578.0,38474.0,42216.0,52663.0,89952.0,107210.0,United States,374734.0
3586,Ethiopia,3376.0,9901.0,17290.0,19545.0,25181.0,50804.0,64646.0,United States,190743.0
3587,Fiji,1088.0,2278.0,3417.0,4380.0,6206.0,8651.0,14130.0,United States,40150.0
3588,Finland,7264.0,9628.0,9489.0,9494.0,10252.0,12711.0,11600.0,United States,70438.0
3589,France,40880.0,56822.0,59703.0,69528.0,89350.0,91102.0,98079.0,United States,505464.0
3591,"Gambia, The",112.0,371.0,669.0,366.0,463.0,670.0,762.0,United States,3413.0
3592,Georgia,957.0,1455.0,1690.0,3437.0,6216.0,11513.0,12221.0,United States,37489.0
3593,Germany,218272.0,297131.0,301084.0,330839.0,401967.0,307010.0,308812.0,United States,2165115.0
3594,Ghana,4464.0,8681.0,12090.0,16750.0,25517.0,42827.0,56847.0,United States,167176.0
3595,Greece,29216.0,41668.0,43553.0,41722.0,44308.0,49754.0,47772.0,United States,297993.0
3596,Grenada,1504.0,3352.0,5310.0,5772.0,6905.0,9023.0,11262.0,United States,43128.0
3597,Guatemala,7760.0,18273.0,29515.0,34571.0,45275.0,87314.0,113333.0,United States,336041.0
3598,Guinea,288.0,350.0,278.0,150.0,190.0,2162.0,3231.0,United States,6649.0
3600,Guyana,10016.0,21733.0,33550.0,38831.0,50098.0,83378.0,90100.0,United States,327706.0
3601,Haiti,20416.0,41073.0,60242.0,70335.0,91878.0,144409.0,189482.0,United States,617835.0
3603,Honduras,5648.0,12439.0,19614.0,23903.0,32021.0,57885.0,82080.0,United States,233590.0
3604,Hungary,38128.0,48651.0,43399.0,37949.0,34595.0,41014.0,42598.0,United States,286334.0
3605,Iceland,1328.0,2051.0,2446.0,1388.0,669.0,2277.0,2924.0,United States,13083.0
3606,India,119328.0,207816.0,270719.0,364484.0,537870.0,996308.0,1195820.0,United States,3692345.0
3607,Indonesia,14016.0,22152.0,26422.0,27396.0,31739.0,51211.0,54305.0,United States,227241.0
3608,Iran,45568.0,85033.0,115735.0,119787.0,140881.0,190790.0,223496.0,United States,921290.0
3609,Iraq,7046.0,12278.0,15755.0,17785.0,23019.0,34593.0,46863.0,United States,157339.0
3610,Ireland,34160.0,48030.0,50753.0,49632.0,52738.0,58971.0,60603.0,United States,354887.0
3611,Israel,19664.0,27753.0,28885.0,30523.0,36253.0,53959.0,59784.0,United States,256821.0
3612,Italy,75984.0,101690.0,97677.0,96012.0,104928.0,105842.0,106952.0,United States,689085.0
3613,Jamaica,34944.0,69303.0,102451.0,117621.0,148763.0,213583.0,260167.0,United States,946832.0
3614,Japan,67984.0,108539.0,133236.0,158272.0,207804.0,205694.0,197307.0,United States,1078836.0
3615,Jordan,4416.0,8796.0,12446.0,14294.0,18892.0,28882.0,32221.0,United States,119947.0
3616,Kazakhstan,0.0,0.0,0.0,0.0,0.0,4739.0,9991.0,United States,14730.0
3617,Kenya,3104.0,6014.0,8496.0,12034.0,18404.0,36661.0,45130.0,United States,129843.0
3619,Korea,81136.0,158276.0,228143.0,263976.0,340813.0,535338.0,588793.0,United States,2196475.0
3620,Kuwait,640.0,1861.0,3205.0,5045.0,8311.0,12658.0,13840.0,United States,45560.0
3622,Laos,2736.0,10284.0,19437.0,22695.0,30185.0,50906.0,55812.0,United States,192055.0
3623,Latvia,22771.0,29533.0,27605.0,27793.0,30585.0,41163.0,44516.0,United States,223966.0
3624,Lebanon,11280.0,23662.0,34997.0,37328.0,45427.0,54676.0,66243.0,United States,273613.0
3626,Liberia,1536.0,3608.0,5731.0,8867.0,14288.0,22919.0,30042.0,United States,86991.0
3627,Libya,2016.0,2497.0,2032.0,1108.0,1402.0,1092.0,1258.0,United States,11405.0
3628,Liechtenstein,880.0,752.0,117.0,66.0,83.0,121.0,140.0,United States,2159.0
3629,Lithuania,19415.0,25588.0,24359.0,24680.0,27601.0,45668.0,48208.0,United States,215519.0
3630,Luxembourg,848.0,1065.0,945.0,534.0,668.0,977.0,1124.0,United States,6161.0
3631,Macedonia,2554.0,3625.0,3786.0,4389.0,5743.0,8611.0,13006.0,United States,41714.0
3632,Madagascar,240.0,339.0,369.0,213.0,265.0,389.0,452.0,United States,2267.0
3633,Malawi,208.0,336.0,415.0,233.0,292.0,427.0,490.0,United States,2401.0
3634,Malaysia,3568.0,8407.0,13520.0,15401.0,19676.0,31824.0,33813.0,United States,126209.0
3637,Malta,1680.0,2466.0,2654.0,1465.0,1845.0,2680.0,3055.0,United States,15845.0
3640,Mauritius,256.0,586.0,921.0,512.0,644.0,937.0,1071.0,United States,4927.0
3641,Mexico,115584.0,236269.0,349580.0,433054.0,596903.0,1030379.0,1315891.0,United States,4077660.0
3643,Moldova,1761.0,2598.0,3009.0,5871.0,10629.0,18301.0,21045.0,United States,63214.0
3646,Morocco,3104.0,5736.0,7827.0,11021.0,16846.0,26591.0,28723.0,United States,99848.0
3647,Mozambique,176.0,415.0,656.0,361.0,455.0,660.0,753.0,United States,3476.0
3648,Myanmar,3952.0,7003.0,9320.0,10902.0,14289.0,21068.0,28230.0,United States,94764.0
3651,Nepal,416.0,769.0,1037.0,2312.0,4395.0,13931.0,23265.0,United States,46125.0
3652,Netherlands,36800.0,50817.0,51689.0,47339.0,46232.0,52657.0,52621.0,United States,338155.0
3653,New Zealand,4752.0,7108.0,8058.0,9142.0,11624.0,14813.0,15001.0,United States,70498.0
3654,Nicaragua,7968.0,21853.0,37934.0,39187.0,44890.0,69097.0,86318.0,United States,307247.0
3656,Nigeria,14144.0,29412.0,42898.0,52037.0,71845.0,113397.0,136769.0,United States,460502.0
3657,Norway,14496.0,18243.0,16097.0,14896.0,14699.0,14808.0,15594.0,United States,108833.0
3658,Occupied Palestinian Territory,4976.0,10796.0,16313.0,12593.0,9084.0,13495.0,14940.0,United States,82197.0
3660,Pakistan,15376.0,30826.0,44233.0,59483.0,88380.0,131077.0,154052.0,United States,523427.0
3661,Palau,0.0,245.0,613.0,349.0,436.0,638.0,737.0,United States,3018.0
3662,Panama,16304.0,26882.0,34209.0,39931.0,51354.0,48641.0,47855.0,United States,265176.0
3664,Paraguay,1008.0,1815.0,2473.0,2807.0,3538.0,5266.0,5152.0,United States,22059.0
3665,Peru,17232.0,36308.0,54922.0,64699.0,85097.0,152977.0,179489.0,United States,590724.0
3666,Philippines,217152.0,371260.0,488909.0,545383.0,670976.0,990024.0,1116374.0,United States,4400078.0
3667,Poland,70512.0,104342.0,116087.0,117892.0,132644.0,201574.0,210596.0,United States,953647.0
3668,Portugal,10416.0,17745.0,22824.0,23283.0,26430.0,30967.0,35636.0,United States,167301.0
3670,Romania,16544.0,26677.0,32519.0,35977.0,44720.0,72591.0,86788.0,United States,315816.0
3673,Saint Kitts and Nevis,256.0,1221.0,2503.0,2765.0,3392.0,2587.0,5247.0,United States,17971.0
3674,Saint Lucia,304.0,1107.0,2112.0,2416.0,3085.0,3470.0,6769.0,United States,19263.0
3675,Saint Vincent and the Grenadines,832.0,2374.0,4179.0,4446.0,5257.0,7283.0,7638.0,United States,32009.0
3676,Samoa,1712.0,2473.0,2649.0,2985.0,3778.0,0.0,0.0,United States,13597.0
3679,Saudi Arabia,4106.0,5204.0,4422.0,4890.0,6233.0,6871.0,15431.0,United States,47157.0
3680,Senegal,256.0,561.0,846.0,1736.0,3216.0,3641.0,8046.0,United States,18302.0
3681,Serbia and Montenegro,3475.0,4933.0,5143.0,5951.0,7784.0,8328.0,5948.0,United States,41562.0
3683,Sierra Leone,1056.0,2420.0,3774.0,5007.0,7346.0,11811.0,18561.0,United States,49975.0
3684,Singapore,1920.0,4019.0,6079.0,7362.0,9914.0,14839.0,16222.0,United States,60355.0
3685,Slovakia,9602.0,12535.0,11690.0,10859.0,10858.0,12743.0,14873.0,United States,83160.0
3688,Somalia,224.0,674.0,1179.0,2564.0,4834.0,7860.0,14030.0,United States,31365.0
3689,South Africa,6960.0,13604.0,19501.0,23529.0,31760.0,51379.0,52008.0,United States,198741.0
3690,Spain,12576.0,19640.0,23195.0,29008.0,40154.0,41722.0,43110.0,United States,209405.0
3691,Sri Lanka,2832.0,5732.0,8353.0,9321.0,11786.0,21247.0,23606.0,United States,82877.0
3692,Sudan,960.0,1805.0,2445.0,3636.0,5806.0,13582.0,16811.0,United States,45045.0
3693,Suriname,368.0,717.0,1028.0,576.0,722.0,1053.0,1207.0,United States,5671.0
3695,Sweden,16544.0,22815.0,23588.0,23350.0,25102.0,29480.0,31797.0,United States,172676.0
3696,Switzerland,15168.0,20957.0,21451.0,21792.0,24500.0,25657.0,27408.0,United States,156933.0
3697,Syria,5696.0,10702.0,14639.0,15766.0,19435.0,26259.0,28074.0,United States,120571.0
3698,Taiwan,37104.0,89294.0,146090.0,153274.0,178315.0,247803.0,262996.0,United States,1114876.0
3699,Tajikistan,1751.0,1913.0,2307.0,2604.0,3224.0,4695.0,5318.0,United States,21812.0
3700,Tanzania,1664.0,2871.0,3717.0,4445.0,5973.0,8931.0,11348.0,United States,38949.0
3701,Thailand,17904.0,28843.0,35545.0,39068.0,47712.0,71467.0,89778.0,United States,330317.0
3704,Tonga,1072.0,1748.0,2164.0,2332.0,2794.0,3100.0,6390.0,United States,19600.0
3705,Trinidad and Tobago,12560.0,26390.0,40317.0,44596.0,54527.0,85629.0,88933.0,United States,352952.0
3706,Tunisia,1216.0,1905.0,2223.0,1230.0,973.0,1399.0,1571.0,United States,10517.0
3707,Turkey,12208.0,18637.0,21262.0,25757.0,35077.0,46085.0,59123.0,United States,218149.0
3710,Uganda,1472.0,2901.0,4158.0,4844.0,6352.0,10257.0,12560.0,United States,42544.0
3711,Ukraine,37780.0,48011.0,43275.0,87931.0,159064.0,238370.0,267522.0,United States,881953.0
3712,United Arab Emirates,903.0,1515.0,1836.0,1848.0,2174.0,2879.0,3073.0,United States,14228.0
3713,United Kingdom,186288.0,267971.0,290566.0,300501.0,343951.0,381951.0,404047.0,United States,2175275.0
3715,Uruguay,3680.0,5900.0,7206.0,6886.0,7140.0,14139.0,15165.0,United States,60116.0
3716,Uzbekistan,1883.0,2825.0,3247.0,6620.0,11967.0,22065.0,29646.0,United States,78253.0
3718,Venezuela,8096.0,14624.0,19811.0,29466.0,46043.0,78620.0,95187.0,United States,291847.0
3719,Vietnam,32560.0,82847.0,137341.0,179714.0,260005.0,385364.0,445534.0,United States,1523365.0
3720,Yemen,416.0,741.0,965.0,1612.0,2750.0,4474.0,5519.0,United States,16477.0
3721,Zambia,384.0,860.0,1332.0,739.0,930.0,1352.0,1544.0,United States,7141.0
3722,Zimbabwe,1264.0,2123.0,2684.0,3586.0,5243.0,9246.0,10579.0,United States,34725.0
