,Country Name,variable,value
0,Argentina,1980,69.496
1,Armenia,1980,70.937
2,Australia,1980,74.33365853658536
3,Austria,1980,72.46341463414635
4,Azerbaijan,1980,64.161
5,Bangladesh,1980,52.9
6,Belgium,1980,73.20707317073172
7,Benin,1980,47.19
8,Brazil,1980,62.63
9,Bulgaria,1980,71.15756097560975
10,Burundi,1980,46.852
11,Cameroon,1980,51.537
12,Canada,1980,75.0780487804878
13,Chile,1980,69.033
14,Colombia,1980,66.926
15,Costa Rica,1980,72.113
16,Cote d'Ivoire,1980,51.072
17,Cyprus,1980,74.79
18,Czech Republic,1980,70.27804878048781
19,Denmark,1980,74.10170731707318
20,Estonia,1980,68.90563414634147
21,Ethiopia,1980,43.747
22,Finland,1980,73.44
23,"Gambia, The",1980,46.341
24,Ghana,1980,52.277
25,Guinea,1980,41.3
26,Guyana,1980,62.498
27,"Hong Kong SAR, China",1980,74.67317073170732
28,Hungary,1980,69.06170731707319
29,Iceland,1980,76.84658536585367
30,"Iran, Islamic Rep.",1980,54.114
31,Ireland,1980,72.62324390243903
32,Israel,1980,73.87560975609756
33,Italy,1980,73.94317073170733
34,Jamaica,1980,70.793
35,Japan,1980,76.09170731707317
36,Kenya,1980,57.881
37,Kyrgyz Republic,1980,62.90378048780489
38,Latvia,1980,68.80853658536586
39,Lesotho,1980,56.702
40,Lithuania,1980,70.48219512195122
41,"Macao SAR, China",1980,73.974
42,Madagascar,1980,49.005
43,Malaysia,1980,68.117
44,Mali,1980,39.677
45,Malta,1980,73.07785365853658
46,Mauritius,1980,66.96539024390243
47,Mexico,1980,66.553
48,Nepal,1980,46.776
49,Netherlands,1980,75.74317073170732
50,New Zealand,1980,72.82926829268294
51,Niger,1980,38.962
52,Norway,1980,75.67170731707319
53,Oman,1980,59.758
54,Pakistan,1980,56.86
55,Panama,1980,70.192
56,Peru,1980,60.24
57,Poland,1980,70.09756097560975
58,Portugal,1980,71.21463414634147
59,Saudi Arabia,1980,62.863
60,Senegal,1980,48.944
61,Slovak Republic,1980,70.40853658536587
62,Slovenia,1980,71.10487804878049
63,South Africa,1980,58.107
64,Spain,1980,75.34926829268294
65,Sri Lanka,1980,68.171
66,St. Lucia,1980,68.144
67,Eswatini,1980,55.613
68,Sweden,1980,75.7409756097561
69,Switzerland,1980,75.45926829268295
70,Thailand,1980,64.432
71,Togo,1980,52.339
72,Tunisia,1980,61.999
73,United Kingdom,1980,73.67560975609757
74,Uruguay,1980,70.256
75,Zambia,1980,52.802
76,Argentina,1981,69.777
77,Armenia,1981,70.91
78,Australia,1981,74.66341463414635
79,Austria,1981,72.81219512195122
80,Azerbaijan,1981,64.28
81,Bangladesh,1981,53.376
82,Belgium,1981,73.62170731707319
83,Benin,1981,47.643
84,Brazil,1981,62.976
85,Bulgaria,1981,71.57195121951221
86,Burundi,1981,47.083
87,Cameroon,1981,51.933
88,Canada,1981,75.46341463414635
89,Chile,1981,69.655
90,Colombia,1981,67.38
91,Costa Rica,1981,72.678
92,Cote d'Ivoire,1981,51.525
93,Cyprus,1981,74.983
94,Czech Republic,1981,70.72219512195123
95,Denmark,1981,74.23048780487807
96,Estonia,1981,68.9780487804878
97,Ethiopia,1981,43.675
98,Finland,1981,73.74658536585366
99,"Gambia, The",1981,47.133
100,Ghana,1981,52.585
101,Guinea,1981,42.002
102,Guyana,1981,62.565
103,"Hong Kong SAR, China",1981,75.32439024390246
104,Hungary,1981,69.13926829268293
105,Iceland,1981,76.52146341463414
106,"Iran, Islamic Rep.",1981,53.453
107,Ireland,1981,72.85609756097563
108,Israel,1981,74.26097560975612
109,Italy,1981,74.3539024390244
110,Jamaica,1981,71.012
111,Japan,1981,76.41439024390246
112,Kenya,1981,58.316
113,Kyrgyz Republic,1981,63.26363414634147
114,Latvia,1981,68.78634146341464
115,Lesotho,1981,57.319
116,Lithuania,1981,70.46073170731708
117,"Macao SAR, China",1981,74.33
118,Madagascar,1981,49.26
119,Malaysia,1981,68.461
120,Mali,1981,40.435
121,Malta,1981,73.3109024390244
122,Mauritius,1981,67.40739024390246
123,Mexico,1981,67.031
124,Nepal,1981,47.45
125,Netherlands,1981,75.93439024390246
126,New Zealand,1981,73.62195121951221
127,Niger,1981,39.45
128,Norway,1981,75.86902439024391
129,Oman,1981,60.659
130,Pakistan,1981,57.206
131,Panama,1981,70.537
132,Peru,1981,60.804
133,Poland,1981,71.05121951219513
134,Portugal,1981,71.61463414634147
135,Saudi Arabia,1981,63.66
136,Senegal,1981,49.94
137,Slovak Republic,1981,70.62926829268294
138,Slovenia,1981,71.2048780487805
139,South Africa,1981,58.637
140,Spain,1981,75.52853658536587
141,Sri Lanka,1981,68.529
142,St. Lucia,1981,68.484
143,Eswatini,1981,56.453
144,Sweden,1981,76.02609756097561
145,Switzerland,1981,75.69317073170733
146,Thailand,1981,64.993
147,Togo,1981,52.863
148,Tunisia,1981,62.924
149,United Kingdom,1981,74.02682926829269
150,Uruguay,1981,70.536
151,Zambia,1981,52.863
152,Argentina,1982,70.033
153,Armenia,1982,70.776
154,Australia,1982,74.9048780487805
155,Austria,1982,72.9609756097561
156,Azerbaijan,1982,64.425
157,Bangladesh,1982,53.794
158,Belgium,1982,73.88804878048782
159,Benin,1982,48.145
160,Brazil,1982,63.326
161,Bulgaria,1982,71.18609756097563
162,Burundi,1982,47.324
163,Cameroon,1982,52.312
164,Canada,1982,75.76341463414634
165,Chile,1982,70.239
166,Colombia,1982,67.802
167,Costa Rica,1982,73.193
168,Cote d'Ivoire,1982,51.94
169,Cyprus,1982,75.173
170,Czech Republic,1982,70.80780487804878
171,Denmark,1982,74.55121951219512
172,Estonia,1982,69.1268292682927
173,Ethiopia,1982,43.712
174,Finland,1982,74.29804878048782
175,"Gambia, The",1982,47.903
176,Ghana,1982,52.92
177,Guinea,1982,42.783
178,Guyana,1982,62.626
179,"Hong Kong SAR, China",1982,75.42926829268293
180,Hungary,1982,69.3578048780488
181,Iceland,1982,77.03780487804879
182,"Iran, Islamic Rep.",1982,53.126
183,Ireland,1982,73.08807317073172
184,Israel,1982,74.10975609756099
185,Italy,1982,74.81463414634148
186,Jamaica,1982,71.217
187,Japan,1982,76.9229268292683
188,Kenya,1982,58.676
189,Kyrgyz Republic,1982,63.658878048780494
190,Latvia,1982,69.32829268292684
191,Lesotho,1982,57.901
192,Lithuania,1982,70.8368292682927
193,"Macao SAR, China",1982,74.677
194,Madagascar,1982,49.442
195,Malaysia,1982,68.788
196,Mali,1982,41.173
197,Malta,1982,73.59814634146342
198,Mauritius,1982,67.76536585365854
199,Mexico,1982,67.493
200,Nepal,1982,48.142
201,Netherlands,1982,75.98853658536586
202,New Zealand,1982,73.72439024390243
203,Niger,1982,39.927
204,Norway,1982,76.01097560975612
205,Oman,1982,61.523
206,Pakistan,1982,57.546
207,Panama,1982,70.858
208,Peru,1982,61.378
209,Poland,1982,71.10243902439025
210,Portugal,1982,72.41463414634147
211,Saudi Arabia,1982,64.411
212,Senegal,1982,50.938
213,Slovak Republic,1982,70.6890243902439
214,Slovenia,1982,71.05365853658537
215,South Africa,1982,59.191
216,Spain,1982,76.13414634146342
217,Sri Lanka,1982,68.801
218,St. Lucia,1982,68.803
219,Eswatini,1982,57.307
220,Sweden,1982,76.32731707317075
221,Switzerland,1982,76.0339024390244
222,Thailand,1982,65.635
223,Togo,1982,53.365
224,Tunisia,1982,63.769
225,United Kingdom,1982,74.17804878048781
226,Uruguay,1982,70.814
227,Zambia,1982,52.905
228,Argentina,1983,70.262
229,Armenia,1983,70.519
230,Australia,1983,75.14634146341464
231,Austria,1983,73.01219512195124
232,Azerbaijan,1983,64.587
233,Bangladesh,1983,54.225
234,Belgium,1983,73.86902439024391
235,Benin,1983,48.71
236,Brazil,1983,63.68
237,Bulgaria,1983,71.38634146341464
238,Burundi,1983,47.581
239,Cameroon,1983,52.67
240,Canada,1983,76.0658536585366
241,Chile,1983,70.782
242,Colombia,1983,68.187
243,Costa Rica,1983,73.657
244,Cote d'Ivoire,1983,52.314
245,Cyprus,1983,75.358
246,Czech Republic,1983,70.59146341463415
247,Denmark,1983,74.42048780487806
248,Estonia,1983,69.37560975609756
249,Ethiopia,1983,43.885
250,Finland,1983,74.2009756097561
251,"Gambia, The",1983,48.645
252,Ghana,1983,53.286
253,Guinea,1983,43.64
254,Guyana,1983,62.684
255,"Hong Kong SAR, China",1983,75.27560975609757
256,Hungary,1983,68.97365853658538
257,Iceland,1983,76.84560975609757
258,"Iran, Islamic Rep.",1983,53.287
259,Ireland,1983,73.31368292682927
260,Israel,1983,74.45853658536585
261,Italy,1983,74.64024390243902
262,Jamaica,1983,71.416
263,Japan,1983,76.96146341463417
264,Kenya,1983,58.94
265,Kyrgyz Republic,1983,64.07751219512195
266,Latvia,1983,69.11902439024392
267,Lesotho,1983,58.437
268,Lithuania,1983,70.77780487804878
269,"Macao SAR, China",1983,75.02
270,Madagascar,1983,49.56
271,Malaysia,1983,69.09
272,Mali,1983,41.879
273,Malta,1983,73.94000000000001
274,Mauritius,1983,68.03760975609757
275,Mexico,1983,67.942
276,Nepal,1983,48.852
277,Netherlands,1983,76.16414634146342
278,New Zealand,1983,73.77560975609757
279,Niger,1983,40.385
280,Norway,1983,76.0668292682927
281,Oman,1983,62.356
282,Pakistan,1983,57.882
283,Panama,1983,71.163
284,Peru,1983,61.958
285,Poland,1983,71.00000000000001
286,Portugal,1983,72.2658536585366
287,Saudi Arabia,1983,65.122
288,Senegal,1983,51.945
289,Slovak Republic,1983,70.47902439024392
290,Slovenia,1983,70.54146341463417
291,South Africa,1983,59.766
292,Spain,1983,75.9090243902439
293,Sri Lanka,1983,68.975
294,St. Lucia,1983,69.11
295,Eswatini,1983,58.158
296,Sweden,1983,76.55170731707317
297,Switzerland,1983,76.03121951219514
298,Thailand,1983,66.353
299,Togo,1983,53.839
300,Tunisia,1983,64.53
301,United Kingdom,1983,74.37804878048782
302,Uruguay,1983,71.085
303,Zambia,1983,52.915
304,Argentina,1984,70.466
305,Armenia,1984,70.15
306,Australia,1984,75.3878048780488
307,Austria,1984,73.61219512195123
308,Azerbaijan,1984,64.759
309,Bangladesh,1984,54.693
310,Belgium,1984,74.40487804878049
311,Benin,1984,49.339
312,Brazil,1984,64.039
313,Bulgaria,1984,71.49975609756098
314,Burundi,1984,47.844
315,Cameroon,1984,52.997
316,Canada,1984,76.21707317073172
317,Chile,1984,71.282
318,Colombia,1984,68.529
319,Costa Rica,1984,74.07
320,Cote d'Ivoire,1984,52.645
321,Cyprus,1984,75.54
322,Czech Republic,1984,70.83756097560976
323,Denmark,1984,74.56219512195123
324,Estonia,1984,69.27804878048782
325,Ethiopia,1984,44.199
326,Finland,1984,74.51902439024391
327,"Gambia, The",1984,49.348
328,Ghana,1984,53.685
329,Guinea,1984,44.558
330,Guyana,1984,62.741
331,"Hong Kong SAR, China",1984,76.02926829268294
332,Hungary,1984,69.02585365853659
333,Iceland,1984,77.57658536585367
334,"Iran, Islamic Rep.",1984,53.983
335,Ireland,1984,73.53146341463416
336,Israel,1984,74.80731707317074
337,Italy,1984,75.38951219512195
338,Jamaica,1984,71.614
339,Japan,1984,77.36536585365853
340,Kenya,1984,59.093
341,Kyrgyz Republic,1984,64.5049268292683
342,Latvia,1984,69.1629268292683
343,Lesotho,1984,58.91
344,Lithuania,1984,70.32000000000001
345,"Macao SAR, China",1984,75.362
346,Madagascar,1984,49.634
347,Malaysia,1984,69.366
348,Mali,1984,42.545
349,Malta,1984,74.33097560975611
350,Mauritius,1984,68.23036585365854
351,Mexico,1984,68.38
352,Nepal,1984,49.577
353,Netherlands,1984,76.23317073170732
354,New Zealand,1984,74.37073170731708
355,Niger,1984,40.821
356,Norway,1984,76.22439024390245
357,Oman,1984,63.153
358,Pakistan,1984,58.213
359,Panama,1984,71.453
360,Peru,1984,62.542
361,Poland,1984,70.8
362,Portugal,1984,72.51463414634145
363,Saudi Arabia,1984,65.795
364,Senegal,1984,52.946
365,Slovak Republic,1984,70.75097560975611
366,Slovenia,1984,70.90243902439026
367,South Africa,1984,60.353
368,Spain,1984,76.29536585365855
369,Sri Lanka,1984,69.057
370,St. Lucia,1984,69.407
371,Eswatini,1984,58.978
372,Sweden,1984,76.81585365853661
373,Switzerland,1984,76.60853658536587
374,Thailand,1984,67.128
375,Togo,1984,54.276
376,Tunisia,1984,65.211
377,United Kingdom,1984,74.77804878048782
378,Uruguay,1984,71.343
379,Zambia,1984,52.87
380,Argentina,1985,70.65
381,Armenia,1985,69.698
382,Australia,1985,75.62926829268294
383,Austria,1985,73.81463414634148
384,Azerbaijan,1985,64.913
385,Bangladesh,1985,55.21
386,Belgium,1985,74.52024390243903
387,Benin,1985,50.034
388,Brazil,1985,64.406
389,Bulgaria,1985,71.2280487804878
390,Burundi,1985,48.08
391,Cameroon,1985,53.273
392,Canada,1985,76.36829268292684
393,Chile,1985,71.737
394,Colombia,1985,68.823
395,Costa Rica,1985,74.429
396,Cote d'Ivoire,1985,52.922
397,Cyprus,1985,75.718
398,Czech Republic,1985,71.04634146341463
399,Denmark,1985,74.42756097560977
400,Estonia,1985,69.38048780487806
401,Ethiopia,1985,44.633
402,Finland,1985,74.2229268292683
403,"Gambia, The",1985,49.998
404,Ghana,1985,54.127
405,Guinea,1985,45.52
406,Guyana,1985,62.801
407,"Hong Kong SAR, China",1985,76.43414634146342
408,Hungary,1985,68.97219512195123
409,Iceland,1985,77.60243902439025
410,"Iran, Islamic Rep.",1985,55.196
411,Ireland,1985,73.74236585365854
412,Israel,1985,75.20731707317074
413,Italy,1985,75.47073170731709
414,Jamaica,1985,71.823
415,Japan,1985,77.65048780487804
416,Kenya,1985,59.12
417,Kyrgyz Republic,1985,64.91895121951221
418,Latvia,1985,69.29146341463417
419,Lesotho,1985,59.309
420,Lithuania,1985,70.50121951219514
421,"Macao SAR, China",1985,75.702
422,Madagascar,1985,49.694
423,Malaysia,1985,69.621
424,Mali,1985,43.17
425,Malta,1985,74.75814634146342
426,Mauritius,1985,68.37068292682928
427,Mexico,1985,68.809
428,Nepal,1985,50.324
429,Netherlands,1985,76.28463414634147
430,New Zealand,1985,73.82926829268293
431,Niger,1985,41.241
432,Norway,1985,75.91682926829269
433,Oman,1985,63.915
434,Pakistan,1985,58.54
435,Panama,1985,71.732
436,Peru,1985,63.132
437,Poland,1985,70.54878048780489
438,Portugal,1985,72.81463414634148
439,Saudi Arabia,1985,66.43
440,Senegal,1985,53.914
441,Slovak Republic,1985,70.73463414634146
442,Slovenia,1985,71.35121951219513
443,South Africa,1985,60.946
444,Spain,1985,76.25951219512196
445,Sri Lanka,1985,69.079
446,St. Lucia,1985,69.698
447,Eswatini,1985,59.749
448,Sweden,1985,76.6678048780488
449,Switzerland,1985,76.73365853658538
450,Thailand,1985,67.911
451,Togo,1985,54.673
452,Tunisia,1985,65.831
453,United Kingdom,1985,74.62926829268294
454,Uruguay,1985,71.583
455,Zambia,1985,52.72
456,Argentina,1986,70.825
457,Armenia,1986,69.205
458,Australia,1986,75.87073170731709
459,Austria,1986,74.31707317073172
460,Azerbaijan,1986,65.016
461,Bangladesh,1986,55.772
462,Belgium,1986,74.73170731707319
463,Benin,1986,50.79
464,Brazil,1986,64.782
465,Bulgaria,1986,71.73073170731708
466,Burundi,1986,48.243
467,Cameroon,1986,53.476
468,Canada,1986,76.51951219512196
469,Chile,1986,72.148
470,Colombia,1986,69.065
471,Costa Rica,1986,74.738
472,Cote d'Ivoire,1986,53.139
473,Cyprus,1986,75.893
474,Czech Republic,1986,70.99731707317073
475,Denmark,1986,74.57975609756097
476,Estonia,1986,70.08536585365854
477,Ethiopia,1986,45.147
478,Finland,1986,74.56000000000002
479,"Gambia, The",1986,50.577
480,Ghana,1986,54.622
481,Guinea,1986,46.503
482,Guyana,1986,62.869
483,"Hong Kong SAR, China",1986,76.68536585365854
484,Hungary,1986,69.17341463414634
485,Iceland,1986,77.99073170731708
486,"Iran, Islamic Rep.",1986,56.828
487,Ireland,1986,73.95141463414635
488,Israel,1986,74.95609756097562
489,Italy,1986,75.77073170731707
490,Jamaica,1986,72.056
491,Japan,1986,78.06463414634148
492,Kenya,1986,59.01
493,Kyrgyz Republic,1986,65.29378048780488
494,Latvia,1986,70.62243902439026
495,Lesotho,1986,59.632
496,Lithuania,1986,72.08073170731707
497,"Macao SAR, China",1986,76.036
498,Madagascar,1986,49.781
499,Malaysia,1986,69.866
500,Mali,1986,43.759
501,Malta,1986,75.20419512195123
502,Mauritius,1986,68.49936585365855
503,Mexico,1986,69.232
504,Nepal,1986,51.095
505,Netherlands,1986,76.27048780487806
506,New Zealand,1986,74.1219512195122
507,Niger,1986,41.654
508,Norway,1986,76.24121951219514
509,Oman,1986,64.638
510,Pakistan,1986,58.863
511,Panama,1986,72.0
512,Peru,1986,63.731
513,Poland,1986,70.84878048780489
514,Portugal,1986,73.26585365853659
515,Saudi Arabia,1986,67.028
516,Senegal,1986,54.813
517,Slovak Republic,1986,71.02121951219513
518,Slovenia,1986,71.80243902439027
519,South Africa,1986,61.54
520,Spain,1986,76.51048780487805
521,Sri Lanka,1986,69.086
522,St. Lucia,1986,69.985
523,Eswatini,1986,60.46
524,Sweden,1986,76.93121951219513
525,Switzerland,1986,76.89902439024391
526,Thailand,1986,68.641
527,Togo,1986,55.028
528,Tunisia,1986,66.414
529,United Kingdom,1986,74.92926829268295
530,Uruguay,1986,71.804
531,Zambia,1986,52.402
532,Argentina,1987,71.001
533,Armenia,1987,68.732
534,Australia,1987,76.15170731707317
535,Austria,1987,74.76829268292684
536,Azerbaijan,1987,65.053
537,Bangladesh,1987,56.359
538,Belgium,1987,75.3658536585366
539,Benin,1987,51.581
540,Brazil,1987,65.165
541,Bulgaria,1987,71.52682926829269
542,Burundi,1987,48.301
543,Cameroon,1987,53.591
544,Canada,1987,76.71951219512195
545,Chile,1987,72.524
546,Colombia,1987,69.266
547,Costa Rica,1987,75.006
548,Cote d'Ivoire,1987,53.286
549,Cyprus,1987,76.064
550,Czech Republic,1987,71.44560975609757
551,Denmark,1987,74.69121951219513
552,Estonia,1987,70.64390243902439
553,Ethiopia,1987,45.682
554,Finland,1987,74.5919512195122
555,"Gambia, The",1987,51.082
556,Ghana,1987,55.159
557,Guinea,1987,47.474
558,Guyana,1987,62.95
559,"Hong Kong SAR, China",1987,76.8829268292683
560,Hungary,1987,69.65121951219513
561,Iceland,1987,77.33902439024392
562,"Iran, Islamic Rep.",1987,58.665
563,Ireland,1987,74.16253658536587
564,Israel,1987,75.25853658536586
565,Italy,1987,76.21951219512196
566,Jamaica,1987,72.317
567,Japan,1987,78.48365853658538
568,Kenya,1987,58.773
569,Kyrgyz Republic,1987,65.61119512195123
570,Latvia,1987,70.6929268292683
571,Lesotho,1987,59.868
572,Lithuania,1987,71.93463414634148
573,"Macao SAR, China",1987,76.363
574,Madagascar,1987,49.932
575,Malaysia,1987,70.11
576,Mali,1987,44.315
577,Malta,1987,75.6448292682927
578,Mauritius,1987,68.65551219512197
579,Mexico,1987,69.649
580,Nepal,1987,51.891
581,Netherlands,1987,76.70512195121951
582,New Zealand,1987,74.17804878048781
583,Niger,1987,42.079
584,Norway,1987,76.08170731707318
585,Oman,1987,65.324
586,Pakistan,1987,59.18
587,Panama,1987,72.257
588,Peru,1987,64.338
589,Poland,1987,70.89756097560976
590,Portugal,1987,73.66585365853659
591,Saudi Arabia,1987,67.589
592,Senegal,1987,55.61
593,Slovak Republic,1987,71.08878048780488
594,Slovenia,1987,72.00243902439024
595,South Africa,1987,62.109
596,Spain,1987,76.72804878048782
597,Sri Lanka,1987,69.121
598,St. Lucia,1987,70.266
599,Eswatini,1987,61.081
600,Sweden,1987,77.09219512195124
601,Switzerland,1987,77.19756097560976
602,Thailand,1987,69.265
603,Togo,1987,55.336
604,Tunisia,1987,66.989
605,United Kingdom,1987,75.28048780487805
606,Uruguay,1987,72.008
607,Zambia,1987,51.888
608,Argentina,1988,71.186
609,Armenia,1988,68.332
610,Australia,1988,76.43268292682929
611,Austria,1988,75.21707317073171
612,Azerbaijan,1988,65.021
613,Bangladesh,1988,56.958
614,Belgium,1988,75.5658536585366
615,Benin,1988,52.372
616,Brazil,1988,65.553
617,Bulgaria,1988,71.60439024390244
618,Burundi,1988,48.244
619,Cameroon,1988,53.611
620,Canada,1988,76.91951219512195
621,Chile,1988,72.872
622,Colombia,1988,69.436
623,Costa Rica,1988,75.243
624,Cote d'Ivoire,1988,53.357
625,Cyprus,1988,76.231
626,Czech Republic,1988,71.64146341463416
627,Denmark,1988,74.77170731707318
628,Estonia,1988,70.69756097560976
629,Ethiopia,1988,46.194
630,Finland,1988,74.57707317073171
631,"Gambia, The",1988,51.518
632,Ghana,1988,55.717
633,Guinea,1988,48.399
634,Guyana,1988,63.046
635,"Hong Kong SAR, China",1988,77.0829268292683
636,Hungary,1988,70.02341463414635
637,Iceland,1988,77.0829268292683
638,"Iran, Islamic Rep.",1988,60.516
639,Ireland,1988,74.37770731707317
640,Israel,1988,74.43658536585367
641,Italy,1988,76.37073170731708
642,Jamaica,1988,72.601
643,Japan,1988,78.39926829268293
644,Kenya,1988,58.422
645,Kyrgyz Republic,1988,65.85858536585367
646,Latvia,1988,70.61536585365855
647,Lesotho,1988,60.0
648,Lithuania,1988,71.76219512195124
649,"Macao SAR, China",1988,76.68
650,Madagascar,1988,50.176
651,Malaysia,1988,70.358
652,Mali,1988,44.838
653,Malta,1988,76.06265853658537
654,Mauritius,1988,68.86302439024391
655,Mexico,1988,70.062
656,Nepal,1988,52.712
657,Netherlands,1988,76.89024390243902
658,New Zealand,1988,74.42439024390244
659,Niger,1988,42.53
660,Norway,1988,76.22048780487806
661,Oman,1988,65.975
662,Pakistan,1988,59.493
663,Panama,1988,72.506
664,Peru,1988,64.949
665,Poland,1988,71.33170731707318
666,Portugal,1988,73.71463414634147
667,Saudi Arabia,1988,68.116
668,Senegal,1988,56.283
669,Slovak Republic,1988,71.20780487804879
670,Slovenia,1988,72.44634146341464
671,South Africa,1988,62.619
672,Spain,1988,76.74707317073171
673,Sri Lanka,1988,69.209
674,St. Lucia,1988,70.54
675,Eswatini,1988,61.572
676,Sweden,1988,76.97926829268293
677,Switzerland,1988,77.22658536585367
678,Thailand,1988,69.745
679,Togo,1988,55.592
680,Tunisia,1988,67.574
681,United Kingdom,1988,75.38048780487806
682,Uruguay,1988,72.201
683,Zambia,1988,51.173
684,Argentina,1989,71.384
685,Armenia,1989,68.038
686,Australia,1989,76.71365853658537
687,Austria,1989,75.2658536585366
688,Azerbaijan,1989,64.935
689,Bangladesh,1989,57.571
690,Belgium,1989,75.63268292682929
691,Benin,1989,53.132
692,Brazil,1989,65.947
693,Bulgaria,1989,71.72243902439025
694,Burundi,1989,48.08
695,Cameroon,1989,53.536
696,Canada,1989,77.11951219512197
697,Chile,1989,73.198
698,Colombia,1989,69.591
699,Costa Rica,1989,75.456
700,Cote d'Ivoire,1989,53.35
701,Cyprus,1989,76.394
702,Czech Republic,1989,71.67560975609757
703,Denmark,1989,74.79975609756097
704,Estonia,1989,70.0390243902439
705,Ethiopia,1989,46.667
706,Finland,1989,74.79219512195124
707,"Gambia, The",1989,51.892
708,Ghana,1989,56.271
709,Guinea,1989,49.247
710,Guyana,1989,63.159
711,"Hong Kong SAR, China",1989,77.02926829268294
712,Hungary,1989,69.46170731707318
713,Iceland,1989,78.14097560975611
714,"Iran, Islamic Rep.",1989,62.272
715,Ireland,1989,74.5959024390244
716,Israel,1989,76.30731707317074
717,Italy,1989,76.81951219512197
718,Jamaica,1989,72.903
719,Japan,1989,78.81804878048781
720,Kenya,1989,57.967
721,Kyrgyz Republic,1989,67.90731707317074
722,Latvia,1989,70.15536585365855
723,Lesotho,1989,60.003
724,Lithuania,1989,71.42536585365855
725,"Macao SAR, China",1989,76.99
726,Madagascar,1989,50.53
727,Malaysia,1989,70.612
728,Mali,1989,45.323
729,Malta,1989,76.44526829268294
730,Mauritius,1989,69.1240243902439
731,Mexico,1989,70.469
732,Nepal,1989,53.551
733,Netherlands,1989,76.73414634146343
734,New Zealand,1989,74.82439024390244
735,Niger,1989,43.014
736,Norway,1989,76.50048780487805
737,Oman,1989,66.593
738,Pakistan,1989,59.799
739,Panama,1989,72.747
740,Peru,1989,65.56
741,Poland,1989,71.0439024390244
742,Portugal,1989,74.2658536585366
743,Saudi Arabia,1989,68.611
744,Senegal,1989,56.818
745,Slovak Republic,1989,71.02634146341464
746,Slovenia,1989,72.7048780487805
747,South Africa,1989,63.035
748,Spain,1989,76.81365853658538
749,Sri Lanka,1989,69.352
750,St. Lucia,1989,70.81
751,Eswatini,1989,61.885
752,Sweden,1989,77.72682926829269
753,Switzerland,1989,77.42121951219514
754,Thailand,1989,70.071
755,Togo,1989,55.784
756,Tunisia,1989,68.176
757,United Kingdom,1989,75.58292682926832
758,Uruguay,1989,72.386
759,Zambia,1989,50.282
760,Argentina,1990,71.594
761,Armenia,1990,67.879
762,Australia,1990,76.99463414634147
763,Austria,1990,75.56829268292685
764,Azerbaijan,1990,64.827
765,Bangladesh,1990,58.21
766,Belgium,1990,76.0519512195122
767,Benin,1990,53.812
768,Brazil,1990,66.343
769,Bulgaria,1990,71.64146341463416
770,Burundi,1990,47.829
771,Cameroon,1990,53.362
772,Canada,1990,77.42195121951221
773,Chile,1990,73.509
774,Colombia,1990,69.75
775,Costa Rica,1990,75.654
776,Cote d'Ivoire,1990,53.254
777,Cyprus,1990,76.554
778,Czech Republic,1990,71.38390243902441
779,Denmark,1990,74.80536585365854
780,Estonia,1990,69.47560975609757
781,Ethiopia,1990,47.099
782,Finland,1990,74.81317073170732
783,"Gambia, The",1990,52.221
784,Ghana,1990,56.776
785,Guinea,1990,49.987
786,Guyana,1990,63.287
787,"Hong Kong SAR, China",1990,77.38048780487806
788,Hungary,1990,69.31560975609757
789,Iceland,1990,78.03634146341463
790,"Iran, Islamic Rep.",1990,63.837
791,Ireland,1990,74.80909756097562
792,Israel,1990,76.60731707317075
793,Italy,1990,76.97073170731707
794,Jamaica,1990,73.204
795,Japan,1990,78.83682926829269
796,Kenya,1990,57.406
797,Kyrgyz Republic,1990,68.29756097560976
798,Latvia,1990,69.27317073170732
799,Lesotho,1990,59.837
800,Lithuania,1990,71.16073170731708
801,"Macao SAR, China",1990,77.296
802,Madagascar,1990,51.003
803,Malaysia,1990,70.865
804,Mali,1990,45.746
805,Malta,1990,76.78607317073171
806,Mauritius,1990,69.40487804878049
807,Mexico,1990,70.866
808,Nepal,1990,54.404
809,Netherlands,1990,76.8780487804878
810,New Zealand,1990,75.37804878048782
811,Niger,1990,43.538
812,Norway,1990,76.53731707317074
813,Oman,1990,67.18
814,Pakistan,1990,60.1
815,Panama,1990,72.982
816,Peru,1990,66.165
817,Poland,1990,70.89024390243902
818,Portugal,1990,73.96585365853659
819,Saudi Arabia,1990,69.078
820,Senegal,1990,57.202
821,Slovak Republic,1990,70.93268292682927
822,Slovenia,1990,73.20487804878049
823,South Africa,1990,63.307
824,Spain,1990,76.83756097560976
825,Sri Lanka,1990,69.509
826,St. Lucia,1990,71.074
827,Eswatini,1990,61.95
828,Sweden,1990,77.53682926829269
829,Switzerland,1990,77.24243902439024
830,Thailand,1990,70.248
831,Togo,1990,55.887
832,Tunisia,1990,68.792
833,United Kingdom,1990,75.88048780487806
834,Uruguay,1990,72.569
835,Zambia,1990,49.249
836,Argentina,1991,71.813
837,Armenia,1991,67.87
838,Australia,1991,77.27560975609758
839,Austria,1991,75.6170731707317
840,Azerbaijan,1991,64.745
841,Bangladesh,1991,58.891
842,Belgium,1991,76.19219512195123
843,Benin,1991,54.366
844,Brazil,1991,66.742
845,Bulgaria,1991,71.5609756097561
846,Burundi,1991,47.522
847,Cameroon,1991,53.088
848,Canada,1991,77.6219512195122
849,Chile,1991,73.808
850,Colombia,1991,69.936
851,Costa Rica,1991,75.844
852,Cote d'Ivoire,1991,53.062
853,Cyprus,1991,76.712
854,Czech Republic,1991,71.89829268292684
855,Denmark,1991,75.1578048780488
856,Estonia,1991,69.37317073170732
857,Ethiopia,1991,47.504
858,Finland,1991,75.22756097560976
859,"Gambia, The",1991,52.528
860,Ghana,1991,57.182
861,Guinea,1991,50.593
862,Guyana,1991,63.427
863,"Hong Kong SAR, China",1991,77.88292682926831
864,Hungary,1991,69.37707317073172
865,Iceland,1991,77.9919512195122
866,"Iran, Islamic Rep.",1991,65.153
867,Ireland,1991,75.00526829268294
868,Israel,1991,76.75853658536587
869,Italy,1991,77.01951219512195
870,Jamaica,1991,73.485
871,Japan,1991,79.10073170731708
872,Kenya,1991,56.736
873,Kyrgyz Republic,1991,68.55121951219513
874,Latvia,1991,69.03243902439026
875,Lesotho,1991,59.464
876,Lithuania,1991,70.36414634146342
877,"Macao SAR, China",1991,77.607
878,Madagascar,1991,51.595
879,Malaysia,1991,71.106
880,Mali,1991,46.076
881,Malta,1991,77.08446341463414
882,Mauritius,1991,69.95609756097562
883,Mexico,1991,71.248
884,Nepal,1991,55.262
885,Netherlands,1991,77.00000000000001
886,New Zealand,1991,76.03170731707318
887,Niger,1991,44.103
888,Norway,1991,76.98073170731708
889,Oman,1991,67.739
890,Pakistan,1991,60.393
891,Panama,1991,73.212
892,Peru,1991,66.757
893,Poland,1991,70.58780487804879
894,Portugal,1991,74.01463414634146
895,Saudi Arabia,1991,69.522
896,Senegal,1991,57.43
897,Slovak Republic,1991,70.8829268292683
898,Slovenia,1991,73.35365853658537
899,South Africa,1991,63.384
900,Spain,1991,76.97121951219513
901,Sri Lanka,1991,69.62
902,St. Lucia,1991,71.335
903,Eswatini,1991,61.7
904,Sweden,1991,77.66682926829269
905,Switzerland,1991,77.51463414634145
906,Thailand,1991,70.3
907,Togo,1991,55.872
908,Tunisia,1991,69.407
909,United Kingdom,1991,76.08292682926832
910,Uruguay,1991,72.757
911,Zambia,1991,48.125
912,Argentina,1992,72.032
913,Armenia,1992,67.99
914,Australia,1992,77.37804878048782
915,Austria,1992,75.81707317073172
916,Azerbaijan,1992,64.731
917,Bangladesh,1992,59.618
918,Belgium,1992,76.35121951219513
919,Benin,1992,54.776
920,Brazil,1992,67.141
921,Bulgaria,1992,71.49439024390244
922,Burundi,1992,47.212
923,Cameroon,1992,52.738
924,Canada,1992,77.72439024390245
925,Chile,1992,74.1
926,Colombia,1992,70.161
927,Costa Rica,1992,76.028
928,Cote d'Ivoire,1992,52.779
929,Cyprus,1992,76.866
930,Czech Republic,1992,72.27170731707318
931,Denmark,1992,75.19414634146342
932,Estonia,1992,68.86341463414635
933,Ethiopia,1992,47.911
934,Finland,1992,75.45536585365855
935,"Gambia, The",1992,52.834
936,Ghana,1992,57.462
937,Guinea,1992,51.066
938,Guyana,1992,63.576
939,"Hong Kong SAR, China",1992,77.67804878048781
940,Hungary,1992,69.11707317073171
941,Iceland,1992,78.76024390243903
942,"Iran, Islamic Rep.",1992,66.243
943,Ireland,1992,75.1809512195122
944,Israel,1992,76.5048780487805
945,Italy,1992,77.41951219512197
946,Jamaica,1992,73.727
947,Japan,1992,79.15390243902439
948,Kenya,1992,55.973
949,Kyrgyz Republic,1992,68.10243902439025
950,Latvia,1992,68.3960975609756
951,Lesotho,1992,58.868
952,Lithuania,1992,70.23439024390245
953,"Macao SAR, China",1992,77.926
954,Madagascar,1992,52.278
955,Malaysia,1992,71.326
956,Mali,1992,46.305
957,Malta,1992,77.35080487804879
958,Mauritius,1992,70.05853658536586
959,Mexico,1992,71.61
960,Nepal,1992,56.118
961,Netherlands,1992,77.21707317073172
962,New Zealand,1992,76.12439024390245
963,Niger,1992,44.703
964,Norway,1992,77.18439024390246
965,Oman,1992,68.273
966,Pakistan,1992,60.68
967,Panama,1992,73.439
968,Peru,1992,67.33
969,Poland,1992,71.09024390243904
970,Portugal,1992,74.31219512195123
971,Saudi Arabia,1992,69.945
972,Senegal,1992,57.529
973,Slovak Republic,1992,71.79512195121953
974,Slovenia,1992,73.3048780487805
975,South Africa,1992,63.247
976,Spain,1992,77.41
977,Sri Lanka,1992,69.639
978,St. Lucia,1992,71.592
979,Eswatini,1992,61.112
980,Sweden,1992,77.99878048780488
981,Switzerland,1992,77.80609756097562
982,Thailand,1992,70.281
983,Togo,1992,55.734
984,Tunisia,1992,70.001
985,United Kingdom,1992,76.43414634146342
986,Uruguay,1992,72.955
987,Zambia,1992,46.987
988,Argentina,1993,72.246
989,Armenia,1993,68.218
990,Australia,1993,77.87804878048782
991,Austria,1993,76.06829268292684
992,Azerbaijan,1993,64.81
993,Bangladesh,1993,60.388
994,Belgium,1993,76.34536585365854
995,Benin,1993,55.042
996,Brazil,1993,67.539
997,Bulgaria,1993,71.3468292682927
998,Burundi,1993,46.953
999,Cameroon,1993,52.343
1000,Canada,1993,77.82439024390246
1001,Chile,1993,74.386
1002,Colombia,1993,70.433
1003,Costa Rica,1993,76.211
1004,Cote d'Ivoire,1993,52.423
1005,Cyprus,1993,77.017
1006,Czech Republic,1993,72.76780487804879
1007,Denmark,1993,75.1168292682927
1008,Estonia,1993,67.90975609756099
1009,Ethiopia,1993,48.344
1010,Finland,1993,75.70512195121952
1011,"Gambia, The",1993,53.157
1012,Ghana,1993,57.605
1013,Guinea,1993,51.413
1014,Guyana,1993,63.73
1015,"Hong Kong SAR, China",1993,78.03170731707318
1016,Hungary,1993,69.10121951219513
1017,Iceland,1993,78.93463414634148
1018,"Iran, Islamic Rep.",1993,67.137
1019,Ireland,1993,75.33612195121952
1020,Israel,1993,77.15365853658537
1021,Italy,1993,77.72195121951219
1022,Jamaica,1993,73.918
1023,Japan,1993,79.29365853658537
1024,Kenya,1993,55.151
1025,Kyrgyz Republic,1993,67.19268292682928
1026,Latvia,1993,66.72268292682926
1027,Lesotho,1993,58.05
1028,Lithuania,1993,68.91048780487806
1029,"Macao SAR, China",1993,78.253
1030,Madagascar,1993,53.022
1031,Malaysia,1993,71.519
1032,Mali,1993,46.445
1033,Malta,1993,77.59348780487805
1034,Mauritius,1993,70.10731707317075
1035,Mexico,1993,71.953
1036,Nepal,1993,56.964
1037,Netherlands,1993,76.91658536585366
1038,New Zealand,1993,76.43414634146342
1039,Niger,1993,45.33
1040,Norway,1993,77.15170731707317
1041,Oman,1993,68.786
1042,Pakistan,1993,60.96
1043,Panama,1993,73.661
1044,Peru,1993,67.88
1045,Poland,1993,71.59512195121953
1046,Portugal,1993,74.51219512195122
1047,Saudi Arabia,1993,70.349
1048,Senegal,1993,57.535
1049,Slovak Republic,1993,72.4487804878049
1050,Slovenia,1993,73.25365853658538
1051,South Africa,1993,62.894
1052,Spain,1993,77.54658536585367
1053,Sri Lanka,1993,69.557
1054,St. Lucia,1993,71.843
1055,Eswatini,1993,60.192
1056,Sweden,1993,78.06048780487805
1057,Switzerland,1993,78.08536585365856
1058,Thailand,1993,70.239
1059,Togo,1993,55.485
1060,Tunisia,1993,70.555
1061,United Kingdom,1993,76.38536585365853
1062,Uruguay,1993,73.166
1063,Zambia,1993,45.919
1064,Argentina,1994,72.453
1065,Armenia,1994,68.538
1066,Australia,1994,77.87804878048782
1067,Austria,1994,76.41951219512195
1068,Azerbaijan,1994,64.991
1069,Bangladesh,1994,61.19
1070,Belgium,1994,76.69170731707318
1071,Benin,1994,55.174
1072,Brazil,1994,67.932
1073,Bulgaria,1994,71.20878048780489
1074,Burundi,1994,46.786
1075,Cameroon,1994,51.936
1076,Canada,1994,77.8268292682927
1077,Chile,1994,74.671
1078,Colombia,1994,70.752
1079,Costa Rica,1994,76.394
1080,Cote d'Ivoire,1994,52.013
1081,Cyprus,1994,77.166
1082,Czech Republic,1994,72.97268292682926
1083,Denmark,1994,75.37512195121953
1084,Estonia,1994,66.5
1085,Ethiopia,1994,48.81
1086,Finland,1994,76.39560975609756
1087,"Gambia, The",1994,53.508
1088,Ghana,1994,57.62
1089,Guinea,1994,51.64
1090,Guyana,1994,63.891
1091,"Hong Kong SAR, China",1994,78.52926829268294
1092,Hungary,1994,69.46975609756099
1093,Iceland,1994,79.24707317073171
1094,"Iran, Islamic Rep.",1994,67.84
1095,Ireland,1994,75.47680487804878
1096,Israel,1994,77.40243902439026
1097,Italy,1994,77.92195121951221
1098,Jamaica,1994,74.053
1099,Japan,1994,79.68707317073171
1100,Kenya,1994,54.31
1101,Kyrgyz Republic,1994,66.03902439024391
1102,Latvia,1994,65.66439024390246
1103,Lesotho,1994,57.022
1104,Lithuania,1994,68.53024390243903
1105,"Macao SAR, China",1994,78.588
1106,Madagascar,1994,53.808
1107,Malaysia,1994,71.687
1108,Mali,1994,46.52
1109,Malta,1994,77.81753658536586
1110,Mauritius,1994,70.15853658536585
1111,Mexico,1994,72.279
1112,Nepal,1994,57.793
1113,Netherlands,1994,77.37512195121951
1114,New Zealand,1994,76.8829268292683
1115,Niger,1994,45.979
1116,Norway,1994,77.68975609756099
1117,Oman,1994,69.283
1118,Pakistan,1994,61.235
1119,Panama,1994,73.879
1120,Peru,1994,68.405
1121,Poland,1994,71.69512195121952
1122,Portugal,1994,74.91463414634147
1123,Saudi Arabia,1994,70.733
1124,Senegal,1994,57.48
1125,Slovak Republic,1994,72.30000000000001
1126,Slovenia,1994,73.4048780487805
1127,South Africa,1994,62.331
1128,Spain,1994,77.90146341463415
1129,Sri Lanka,1994,69.403
1130,St. Lucia,1994,72.087
1131,Eswatini,1994,58.958
1132,Sweden,1994,78.65024390243903
1133,Switzerland,1994,78.35000000000001
1134,Thailand,1994,70.202
1135,Togo,1994,55.147
1136,Tunisia,1994,71.062
1137,United Kingdom,1994,76.88536585365854
1138,Uruguay,1994,73.388
1139,Zambia,1994,44.983
1140,Argentina,1995,72.651
1141,Armenia,1995,68.938
1142,Australia,1995,77.82926829268294
1143,Austria,1995,76.66829268292685
1144,Azerbaijan,1995,65.256
1145,Bangladesh,1995,62.002
1146,Belgium,1995,76.84073170731709
1147,Benin,1995,55.203
1148,Brazil,1995,68.318
1149,Bulgaria,1995,71.05341463414635
1150,Burundi,1995,46.758
1151,Cameroon,1995,51.554
1152,Canada,1995,78.02926829268294
1153,Chile,1995,74.957
1154,Colombia,1995,71.112
1155,Costa Rica,1995,76.579
1156,Cote d'Ivoire,1995,51.569
1157,Cyprus,1995,77.312
1158,Czech Republic,1995,73.0748780487805
1159,Denmark,1995,75.21268292682927
1160,Estonia,1995,67.54390243902438
1161,Ethiopia,1995,49.303
1162,Finland,1995,76.40951219512196
1163,"Gambia, The",1995,53.889
1164,Ghana,1995,57.528
1165,Guinea,1995,51.744
1166,Guyana,1995,64.064
1167,"Hong Kong SAR, China",1995,78.68292682926831
1168,Hungary,1995,69.79170731707318
1169,Iceland,1995,77.98439024390244
1170,"Iran, Islamic Rep.",1995,68.377
1171,Ireland,1995,75.61756097560978
1172,Israel,1995,77.45121951219514
1173,Italy,1995,78.17073170731707
1174,Jamaica,1995,74.133
1175,Japan,1995,79.53634146341466
1176,Kenya,1995,53.486
1177,Kyrgyz Republic,1995,65.79024390243903
1178,Latvia,1995,66.39121951219514
1179,Lesotho,1995,55.782
1180,Lithuania,1995,69.00634146341466
1181,"Macao SAR, China",1995,78.925
1182,Madagascar,1995,54.616
1183,Malaysia,1995,71.834
1184,Mali,1995,46.573
1185,Malta,1995,77.29024390243903
1186,Mauritius,1995,70.3258536585366
1187,Mexico,1995,72.598
1188,Nepal,1995,58.6
1189,Netherlands,1995,77.40463414634148
1190,New Zealand,1995,76.73414634146343
1191,Niger,1995,46.641
1192,Norway,1995,77.73658536585367
1193,Oman,1995,69.77
1194,Pakistan,1995,61.505
1195,Panama,1995,74.092
1196,Peru,1995,68.903
1197,Poland,1995,71.89268292682927
1198,Portugal,1995,75.31219512195122
1199,Saudi Arabia,1995,71.099
1200,Senegal,1995,57.404
1201,Slovak Republic,1995,72.25365853658538
1202,Slovenia,1995,73.95853658536586
1203,South Africa,1995,61.561
1204,Spain,1995,77.98073170731708
1205,Sri Lanka,1995,69.259
1206,St. Lucia,1995,72.323
1207,Eswatini,1995,57.422
1208,Sweden,1995,78.74048780487806
1209,Switzerland,1995,78.41707317073171
1210,Thailand,1995,70.191
1211,Togo,1995,54.757
1212,Tunisia,1995,71.517
1213,United Kingdom,1995,76.83658536585367
1214,Uruguay,1995,73.62
1215,Zambia,1995,44.242
1216,Argentina,1996,72.843
1217,Armenia,1996,69.404
1218,Australia,1996,78.07804878048782
1219,Austria,1996,76.87073170731708
1220,Azerbaijan,1996,65.573
1221,Bangladesh,1996,62.798
1222,Belgium,1996,77.18731707317073
1223,Benin,1996,55.17
1224,Brazil,1996,68.695
1225,Bulgaria,1996,70.89731707317073
1226,Burundi,1996,46.905
1227,Cameroon,1996,51.238
1228,Canada,1996,78.18048780487806
1229,Chile,1996,75.244
1230,Colombia,1996,71.497
1231,Costa Rica,1996,76.765
1232,Cote d'Ivoire,1996,51.109
1233,Cyprus,1996,77.456
1234,Czech Republic,1996,73.71463414634147
1235,Denmark,1996,75.59146341463416
1236,Estonia,1996,69.61219512195122
1237,Ethiopia,1996,49.81
1238,Finland,1996,76.69341463414635
1239,"Gambia, The",1996,54.296
1240,Ghana,1996,57.366
1241,Guinea,1996,51.727
1242,Guyana,1996,64.255
1243,"Hong Kong SAR, China",1996,79.6268292682927
1244,Hungary,1996,70.32878048780489
1245,Iceland,1996,78.7778048780488
1246,"Iran, Islamic Rep.",1996,68.791
1247,Ireland,1996,75.83170731707317
1248,Israel,1996,78.1048780487805
1249,Italy,1996,78.52195121951222
1250,Jamaica,1996,74.167
1251,Japan,1996,80.20024390243904
1252,Kenya,1996,52.709
1253,Kyrgyz Republic,1996,66.54390243902441
1254,Latvia,1996,68.77658536585368
1255,Lesotho,1996,54.334
1256,Lithuania,1996,70.1080487804878
1257,"Macao SAR, China",1996,79.256
1258,Madagascar,1996,55.43
1259,Malaysia,1996,71.972
1260,Mali,1996,46.658
1261,Malta,1996,77.34146341463416
1262,Mauritius,1996,70.3229268292683
1263,Mexico,1996,72.925
1264,Nepal,1996,59.383
1265,Netherlands,1996,77.43560975609756
1266,New Zealand,1996,76.7878048780488
1267,Niger,1996,47.307
1268,Norway,1996,78.15048780487807
1269,Oman,1996,70.25
1270,Pakistan,1996,61.773
1271,Panama,1996,74.3
1272,Peru,1996,69.378
1273,Poland,1996,72.24634146341464
1274,Portugal,1996,75.26097560975612
1275,Saudi Arabia,1996,71.445
1276,Senegal,1996,57.342
1277,Slovak Republic,1996,72.65365853658537
1278,Slovenia,1996,74.45853658536585
1279,South Africa,1996,60.595
1280,Spain,1996,78.12048780487805
1281,Sri Lanka,1996,69.237
1282,St. Lucia,1996,72.547
1283,Eswatini,1996,55.606
1284,Sweden,1996,78.9590243902439
1285,Switzerland,1996,78.89609756097562
1286,Thailand,1996,70.215
1287,Togo,1996,54.36
1288,Tunisia,1996,71.921
1289,United Kingdom,1996,77.08780487804879
1290,Uruguay,1996,73.854
1291,Zambia,1996,43.735
1292,Argentina,1997,73.029
1293,Armenia,1997,69.912
1294,Australia,1997,78.48048780487805
1295,Austria,1997,77.31951219512196
1296,Azerbaijan,1997,65.899
1297,Bangladesh,1997,63.553
1298,Belgium,1997,77.37073170731709
1299,Benin,1997,55.133
1300,Brazil,1997,69.061
1301,Bulgaria,1997,70.35121951219514
1302,Burundi,1997,47.226
1303,Cameroon,1997,51.009
1304,Canada,1997,78.43170731707318
1305,Chile,1997,75.53
1306,Colombia,1997,71.887
1307,Costa Rica,1997,76.948
1308,Cote d'Ivoire,1997,50.657
1309,Cyprus,1997,77.598
1310,Czech Republic,1997,73.8248780487805
1311,Denmark,1997,75.94512195121952
1312,Estonia,1997,69.80975609756099
1313,Ethiopia,1997,50.32
1314,Finland,1997,76.87853658536586
1315,"Gambia, The",1997,54.715
1316,Ghana,1997,57.187
1317,Guinea,1997,51.616
1318,Guyana,1997,64.468
1319,"Hong Kong SAR, China",1997,80.12682926829268
1320,Hungary,1997,70.70243902439024
1321,Iceland,1997,78.88536585365853
1322,"Iran, Islamic Rep.",1997,69.139
1323,Ireland,1997,75.98536585365855
1324,Israel,1997,78.0
1325,Italy,1997,78.82439024390244
1326,Jamaica,1997,74.172
1327,Japan,1997,80.42414634146341
1328,Kenya,1997,52.014
1329,Kyrgyz Republic,1997,66.89268292682927
1330,Latvia,1997,69.34926829268294
1331,Lesotho,1997,52.728
1332,Lithuania,1997,70.9090243902439
1333,"Macao SAR, China",1997,79.573
1334,Madagascar,1997,56.239
1335,Malaysia,1997,72.11
1336,Mali,1997,46.823
1337,Malta,1997,77.73902439024391
1338,Mauritius,1997,70.40487804878049
1339,Mexico,1997,73.268
1340,Nepal,1997,60.144
1341,Netherlands,1997,77.79439024390244
1342,New Zealand,1997,77.33414634146342
1343,Niger,1997,47.97
1344,Norway,1997,78.14268292682927
1345,Oman,1997,70.726
1346,Pakistan,1997,62.039
1347,Panama,1997,74.5
1348,Peru,1997,69.834
1349,Poland,1997,72.64634146341464
1350,Portugal,1997,75.41219512195123
1351,Saudi Arabia,1997,71.766
1352,Senegal,1997,57.323
1353,Slovak Republic,1997,72.7048780487805
1354,Slovenia,1997,74.70731707317073
1355,South Africa,1997,59.489
1356,Spain,1997,78.60414634146342
1357,Sri Lanka,1997,69.419
1358,St. Lucia,1997,72.759
1359,Eswatini,1997,53.595
1360,Sweden,1997,79.19756097560978
1361,Switzerland,1997,79.07951219512196
1362,Thailand,1997,70.267
1363,Togo,1997,54.001
1364,Tunisia,1997,72.282
1365,United Kingdom,1997,77.21097560975612
1366,Uruguay,1997,74.086
1367,Zambia,1997,43.461
1368,Argentina,1998,73.213
1369,Armenia,1998,70.434
1370,Australia,1998,78.63170731707318
1371,Austria,1998,77.67073170731709
1372,Azerbaijan,1998,66.207
1373,Bangladesh,1998,64.25
1374,Belgium,1998,77.47317073170733
1375,Benin,1998,55.139
1376,Brazil,1998,69.419
1377,Bulgaria,1998,71.06097560975611
1378,Burundi,1998,47.708
1379,Cameroon,1998,50.885
1380,Canada,1998,78.63414634146342
1381,Chile,1998,75.813
1382,Colombia,1998,72.264
1383,Costa Rica,1998,77.124
1384,Cote d'Ivoire,1998,50.242
1385,Cyprus,1998,77.738
1386,Czech Republic,1998,74.51463414634146
1387,Denmark,1998,76.13902439024392
1388,Estonia,1998,69.35853658536585
1389,Ethiopia,1998,50.835
1390,Finland,1998,77.09073170731708
1391,"Gambia, The",1998,55.133
1392,Ghana,1998,57.045
1393,Guinea,1998,51.456
1394,Guyana,1998,64.705
1395,"Hong Kong SAR, China",1998,80.13170731707318
1396,Hungary,1998,70.5578048780488
1397,Iceland,1998,79.60243902439025
1398,"Iran, Islamic Rep.",1998,69.471
1399,Ireland,1998,76.18048780487807
1400,Israel,1998,78.14878048780487
1401,Italy,1998,78.97560975609755
1402,Jamaica,1998,74.164
1403,Japan,1998,80.50146341463416
1404,Kenya,1998,51.448
1405,Kyrgyz Republic,1998,67.05121951219513
1406,Latvia,1998,69.01219512195122
1407,Lesotho,1998,51.034
1408,Lithuania,1998,71.21951219512195
1409,"Macao SAR, China",1998,79.872
1410,Madagascar,1998,57.028
1411,Malaysia,1998,72.257
1412,Mali,1998,47.103
1413,Malta,1998,77.58780487804879
1414,Mauritius,1998,70.60731707317073
1415,Mexico,1998,73.625
1416,Nepal,1998,60.884
1417,Netherlands,1998,77.88292682926831
1418,New Zealand,1998,78.08536585365854
1419,Niger,1998,48.627
1420,Norway,1998,78.32926829268293
1421,Oman,1998,71.197
1422,Pakistan,1998,62.303
1423,Panama,1998,74.694
1424,Peru,1998,70.274
1425,Poland,1998,72.99756097560977
1426,Portugal,1998,75.71219512195123
1427,Saudi Arabia,1998,72.06
1428,Senegal,1998,57.376
1429,Slovak Republic,1998,72.55121951219513
1430,Slovenia,1998,74.80731707317075
1431,South Africa,1998,58.315
1432,Spain,1998,78.66585365853659
1433,Sri Lanka,1998,69.845
1434,St. Lucia,1998,72.958
1435,Eswatini,1998,51.498
1436,Sweden,1998,79.33902439024392
1437,Switzerland,1998,79.32439024390246
1438,Thailand,1998,70.348
1439,Togo,1998,53.722
1440,Tunisia,1998,72.608
1441,United Kingdom,1998,77.19024390243904
1442,Uruguay,1998,74.309
1443,Zambia,1998,43.413
1444,Argentina,1999,73.396
1445,Armenia,1999,70.944
1446,Australia,1999,78.93170731707318
1447,Austria,1999,77.87560975609757
1448,Azerbaijan,1999,66.491
1449,Bangladesh,1999,64.881
1450,Belgium,1999,77.61951219512196
1451,Benin,1999,55.218
1452,Brazil,1999,69.769
1453,Bulgaria,1999,71.41219512195123
1454,Burundi,1999,48.339
1455,Cameroon,1999,50.878
1456,Canada,1999,78.88536585365853
1457,Chile,1999,76.092
1458,Colombia,1999,72.619
1459,Costa Rica,1999,77.293
1460,Cote d'Ivoire,1999,49.891
1461,Cyprus,1999,77.875
1462,Czech Republic,1999,74.66829268292683
1463,Denmark,1999,76.34146341463415
1464,Estonia,1999,70.06341463414634
1465,Ethiopia,1999,51.366
1466,Finland,1999,77.29121951219513
1467,"Gambia, The",1999,55.547
1468,Ghana,1999,56.972
1469,Guinea,1999,51.295
1470,Guyana,1999,64.964
1471,"Hong Kong SAR, China",1999,80.38292682926831
1472,Hungary,1999,70.6770731707317
1473,Iceland,1999,79.35121951219514
1474,"Iran, Islamic Rep.",1999,69.813
1475,Ireland,1999,76.08292682926832
1476,Israel,1999,78.65853658536587
1477,Italy,1999,79.42439024390244
1478,Jamaica,1999,74.152
1479,Japan,1999,80.5707317073171
1480,Kenya,1999,51.059
1481,Kyrgyz Republic,1999,68.65609756097562
1482,Latvia,1999,69.7429268292683
1483,Lesotho,1999,49.328
1484,Lithuania,1999,71.5707317073171
1485,"Macao SAR, China",1999,80.15
1486,Madagascar,1999,57.782
1487,Malaysia,1999,72.418
1488,Mali,1999,47.515
1489,Malta,1999,77.5
1490,Mauritius,1999,70.96097560975612
1491,Mexico,1999,73.988
1492,Nepal,1999,61.6
1493,Netherlands,1999,77.83658536585367
1494,New Zealand,1999,77.89024390243904
1495,Niger,1999,49.279
1496,Norway,1999,78.28292682926829
1497,Oman,1999,71.664
1498,Pakistan,1999,62.564
1499,Panama,1999,74.881
1500,Peru,1999,70.7
1501,Poland,1999,73.04390243902441
1502,Portugal,1999,75.96341463414635
1503,Saudi Arabia,1999,72.327
1504,Senegal,1999,57.523
1505,Slovak Republic,1999,72.90243902439025
1506,Slovenia,1999,75.00975609756098
1507,South Africa,1999,57.144
1508,Spain,1999,78.71707317073172
1509,Sri Lanka,1999,70.503
1510,St. Lucia,1999,73.144
1511,Eswatini,1999,49.424
1512,Sweden,1999,79.44146341463416
1513,Switzerland,1999,79.58048780487805
1514,Thailand,1999,70.463
1515,Togo,1999,53.547
1516,Tunisia,1999,72.904
1517,United Kingdom,1999,77.39024390243904
1518,Uruguay,1999,74.523
1519,Zambia,1999,43.594
1520,Argentina,2000,73.576
1521,Armenia,2000,71.409
1522,Australia,2000,79.23414634146343
1523,Austria,2000,78.1268292682927
1524,Azerbaijan,2000,66.763
1525,Bangladesh,2000,65.447
1526,Belgium,2000,77.72195121951219
1527,Benin,2000,55.391
1528,Brazil,2000,70.116
1529,Bulgaria,2000,71.66341463414635
1530,Burundi,2000,49.091
1531,Cameroon,2000,50.993
1532,Canada,2000,79.13658536585366
1533,Chile,2000,76.366
1534,Colombia,2000,72.945
1535,Costa Rica,2000,77.452
1536,Cote d'Ivoire,2000,49.635
1537,Cyprus,2000,78.009
1538,Czech Republic,2000,74.96829268292684
1539,Denmark,2000,76.59268292682927
1540,Estonia,2000,70.41707317073173
1541,Ethiopia,2000,51.941
1542,Finland,2000,77.4658536585366
1543,"Gambia, The",2000,55.956
1544,Ghana,2000,57.002
1545,Guinea,2000,51.203
1546,Guyana,2000,65.242
1547,"Hong Kong SAR, China",2000,80.87804878048782
1548,Hungary,2000,71.24634146341464
1549,Iceland,2000,79.65365853658537
1550,"Iran, Islamic Rep.",2000,70.176
1551,Ireland,2000,76.53658536585367
1552,Israel,2000,78.95365853658538
1553,Italy,2000,79.77804878048782
1554,Jamaica,2000,74.142
1555,Japan,2000,81.07609756097563
1556,Kenya,2000,50.921
1557,Kyrgyz Republic,2000,68.55853658536587
1558,Latvia,2000,70.31463414634148
1559,Lesotho,2000,47.691
1560,Lithuania,2000,72.01951219512195
1561,"Macao SAR, China",2000,80.407
1562,Madagascar,2000,58.485
1563,Malaysia,2000,72.594
1564,Mali,2000,48.069
1565,Malta,2000,78.34878048780489
1566,Mauritius,2000,71.66341463414635
1567,Mexico,2000,74.34
1568,Nepal,2000,62.288
1569,Netherlands,2000,77.98780487804879
1570,New Zealand,2000,78.63658536585366
1571,Niger,2000,49.928
1572,Norway,2000,78.63414634146342
1573,Oman,2000,72.126
1574,Pakistan,2000,62.82
1575,Panama,2000,75.06
1576,Peru,2000,71.111
1577,Poland,2000,73.74878048780488
1578,Portugal,2000,76.31463414634148
1579,Saudi Arabia,2000,72.561
1580,Senegal,2000,57.787
1581,Slovak Republic,2000,73.05121951219513
1582,Slovenia,2000,75.41219512195123
1583,South Africa,2000,56.048
1584,Spain,2000,78.96585365853659
1585,Sri Lanka,2000,71.333
1586,St. Lucia,2000,73.319
1587,Eswatini,2000,47.49
1588,Sweden,2000,79.6439024390244
1589,Switzerland,2000,79.68048780487806
1590,Thailand,2000,70.623
1591,Togo,2000,53.491
1592,Tunisia,2000,73.172
1593,United Kingdom,2000,77.74146341463415
1594,Uruguay,2000,74.731
1595,Zambia,2000,44.0
1596,Argentina,2001,73.755
1597,Armenia,2001,71.8
1598,Australia,2001,79.63414634146342
1599,Austria,2001,78.57560975609756
1600,Azerbaijan,2001,67.054
1601,Bangladesh,2001,65.956
1602,Belgium,2001,77.97317073170734
1603,Benin,2001,55.668
1604,Brazil,2001,70.462
1605,Bulgaria,2001,71.76829268292684
1606,Burundi,2001,49.93
1607,Cameroon,2001,51.222
1608,Canada,2001,79.33902439024392
1609,Chile,2001,76.634
1610,Colombia,2001,73.241
1611,Costa Rica,2001,77.601
1612,Cote d'Ivoire,2001,49.495
1613,Cyprus,2001,78.139
1614,Czech Republic,2001,75.17317073170733
1615,Denmark,2001,76.79268292682929
1616,Estonia,2001,70.25853658536586
1617,Ethiopia,2001,52.595
1618,Finland,2001,77.96585365853659
1619,"Gambia, The",2001,56.359
1620,Ghana,2001,57.158
1621,Guinea,2001,51.255
1622,Guyana,2001,65.532
1623,"Hong Kong SAR, China",2001,81.42439024390245
1624,Hungary,2001,72.2487804878049
1625,Iceland,2001,80.69024390243904
1626,"Iran, Islamic Rep.",2001,70.553
1627,Ireland,2001,77.13414634146342
1628,Israel,2001,79.40731707317074
1629,Italy,2001,80.12682926829268
1630,Jamaica,2001,74.139
1631,Japan,2001,81.41707317073171
1632,Kenya,2001,51.101
1633,Kyrgyz Republic,2001,68.70731707317073
1634,Latvia,2001,70.7609756097561
1635,Lesotho,2001,46.197
1636,Lithuania,2001,71.65853658536585
1637,"Macao SAR, China",2001,80.645
1638,Madagascar,2001,59.129
1639,Malaysia,2001,72.782
1640,Mali,2001,48.758
1641,Malta,2001,78.84390243902439
1642,Mauritius,2001,71.7658536585366
1643,Mexico,2001,74.658
1644,Nepal,2001,62.945
1645,Netherlands,2001,78.19024390243904
1646,New Zealand,2001,78.69268292682928
1647,Niger,2001,50.584
1648,Norway,2001,78.78536585365853
1649,Oman,2001,72.58
1650,Pakistan,2001,63.066
1651,Panama,2001,75.233
1652,Peru,2001,71.505
1653,Poland,2001,74.20000000000002
1654,Portugal,2001,76.81463414634149
1655,Saudi Arabia,2001,72.759
1656,Senegal,2001,58.177
1657,Slovak Republic,2001,73.40243902439026
1658,Slovenia,2001,75.75853658536586
1659,South Africa,2001,55.089
1660,Spain,2001,79.36829268292684
1661,Sri Lanka,2001,72.233
1662,St. Lucia,2001,73.486
1663,Eswatini,2001,45.799
1664,Sweden,2001,79.79512195121951
1665,Switzerland,2001,80.18048780487806
1666,Thailand,2001,70.832
1667,Togo,2001,53.554
1668,Tunisia,2001,73.415
1669,United Kingdom,2001,77.99268292682927
1670,Uruguay,2001,74.939
1671,Zambia,2001,44.615
1672,Argentina,2002,73.932
1673,Armenia,2002,72.112
1674,Australia,2002,79.93658536585367
1675,Austria,2002,78.67804878048783
1676,Azerbaijan,2002,67.391
1677,Bangladesh,2002,66.43
1678,Belgium,2002,78.07560975609758
1679,Benin,2002,56.025
1680,Brazil,2002,70.813
1681,Bulgaria,2002,71.86585365853658
1682,Burundi,2002,50.81
1683,Cameroon,2002,51.536
1684,Canada,2002,79.49024390243902
1685,Chile,2002,76.894
1686,Colombia,2002,73.517
1687,Costa Rica,2002,77.74
1688,Cote d'Ivoire,2002,49.475
1689,Cyprus,2002,78.264
1690,Czech Republic,2002,75.22195121951219
1691,Denmark,2002,76.89512195121951
1692,Estonia,2002,70.9048780487805
1693,Ethiopia,2002,53.349
1694,Finland,2002,78.11951219512196
1695,"Gambia, The",2002,56.761
1696,Ghana,2002,57.425
1697,Guinea,2002,51.484
1698,Guyana,2002,65.828
1699,"Hong Kong SAR, China",2002,81.42682926829269
1700,Hungary,2002,72.34878048780489
1701,Iceland,2002,80.50243902439026
1702,"Iran, Islamic Rep.",2002,70.921
1703,Ireland,2002,77.63414634146342
1704,Israel,2002,79.45121951219512
1705,Italy,2002,80.22926829268295
1706,Jamaica,2002,74.14
1707,Japan,2002,81.56341463414634
1708,Kenya,2002,51.606
1709,Kyrgyz Republic,2002,68.15609756097561
1710,Latvia,2002,70.96097560975612
1711,Lesotho,2002,44.898
1712,Lithuania,2002,71.76097560975612
1713,"Macao SAR, China",2002,80.87
1714,Madagascar,2002,59.717
1715,Malaysia,2002,72.976
1716,Mali,2002,49.54
1717,Malta,2002,78.73902439024391
1718,Mauritius,2002,71.96585365853659
1719,Mexico,2002,74.922
1720,Nepal,2002,63.57
1721,Netherlands,2002,78.29268292682927
1722,New Zealand,2002,78.84634146341463
1723,Niger,2002,51.256
1724,Norway,2002,78.98780487804879
1725,Oman,2002,73.022
1726,Pakistan,2002,63.3
1727,Panama,2002,75.401
1728,Peru,2002,71.882
1729,Poland,2002,74.49756097560977
1730,Portugal,2002,77.0658536585366
1731,Saudi Arabia,2002,72.92
1732,Senegal,2002,58.675
1733,Slovak Republic,2002,73.60487804878049
1734,Slovenia,2002,76.00731707317074
1735,South Africa,2002,54.31
1736,Spain,2002,79.56829268292684
1737,Sri Lanka,2002,73.085
1738,St. Lucia,2002,73.648
1739,Eswatini,2002,44.41
1740,Sweden,2002,79.84634146341465
1741,Switzerland,2002,80.38536585365854
1742,Thailand,2002,71.089
1743,Togo,2002,53.71
1744,Tunisia,2002,73.638
1745,United Kingdom,2002,78.14390243902439
1746,Uruguay,2002,75.152
1747,Zambia,2002,45.4
1748,Argentina,2003,74.107
1749,Armenia,2003,72.348
1750,Australia,2003,80.23902439024391
1751,Austria,2003,78.63170731707318
1752,Azerbaijan,2003,67.791
1753,Bangladesh,2003,66.886
1754,Belgium,2003,78.12926829268292
1755,Benin,2003,56.436
1756,Brazil,2003,71.17
1757,Bulgaria,2003,72.0658536585366
1758,Burundi,2003,51.69
1759,Cameroon,2003,51.908
1760,Canada,2003,79.74146341463417
1761,Chile,2003,77.146
1762,Colombia,2003,73.777
1763,Costa Rica,2003,77.871
1764,Cote d'Ivoire,2003,49.572
1765,Cyprus,2003,78.385
1766,Czech Republic,2003,75.17073170731709
1767,Denmark,2003,77.1439024390244
1768,Estonia,2003,71.3170731707317
1769,Ethiopia,2003,54.211
1770,Finland,2003,78.36829268292684
1771,"Gambia, The",2003,57.159
1772,Ghana,2003,57.785
1773,Guinea,2003,51.901
1774,Guyana,2003,66.122
1775,"Hong Kong SAR, China",2003,81.3780487804878
1776,Hungary,2003,72.30000000000001
1777,Iceland,2003,80.96341463414636
1778,"Iran, Islamic Rep.",2003,71.265
1779,Ireland,2003,78.1390243902439
1780,Israel,2003,79.64878048780488
1781,Italy,2003,79.98292682926831
1782,Jamaica,2003,74.142
1783,Japan,2003,81.76
1784,Kenya,2003,52.41
1785,Kyrgyz Republic,2003,68.25609756097562
1786,Latvia,2003,71.2658536585366
1787,Lesotho,2003,43.845
1788,Lithuania,2003,72.06097560975611
1789,"Macao SAR, China",2003,81.089
1790,Madagascar,2003,60.256
1791,Malaysia,2003,73.17
1792,Mali,2003,50.373
1793,Malta,2003,78.54634146341465
1794,Mauritius,2003,72.1170731707317
1795,Mexico,2003,75.118
1796,Nepal,2003,64.165
1797,Netherlands,2003,78.49268292682929
1798,New Zealand,2003,79.14634146341464
1799,Niger,2003,51.95
1800,Norway,2003,79.39024390243902
1801,Oman,2003,73.447
1802,Pakistan,2003,63.522
1803,Panama,2003,75.565
1804,Peru,2003,72.24
1805,Poland,2003,74.59756097560977
1806,Portugal,2003,77.21951219512196
1807,Saudi Arabia,2003,73.051
1808,Senegal,2003,59.259
1809,Slovak Republic,2003,73.60487804878049
1810,Slovenia,2003,76.85853658536585
1811,South Africa,2003,53.749
1812,Spain,2003,79.61951219512197
1813,Sri Lanka,2003,73.799
1814,St. Lucia,2003,73.808
1815,Eswatini,2003,43.372
1816,Sweden,2003,80.09512195121953
1817,Switzerland,2003,80.53658536585368
1818,Thailand,2003,71.389
1819,Togo,2003,53.938
1820,Tunisia,2003,73.842
1821,United Kingdom,2003,78.44634146341464
1822,Uruguay,2003,75.373
1823,Zambia,2003,46.322
1824,Argentina,2004,74.28
1825,Armenia,2004,72.513
1826,Australia,2004,80.49024390243903
1827,Austria,2004,79.18048780487806
1828,Azerbaijan,2004,68.249
1829,Bangladesh,2004,67.331
1830,Belgium,2004,78.8780487804878
1831,Benin,2004,56.887
1832,Brazil,2004,71.531
1833,Bulgaria,2004,72.56341463414634
1834,Burundi,2004,52.547
1835,Cameroon,2004,52.321
1836,Canada,2004,79.89268292682928
1837,Chile,2004,77.391
1838,Colombia,2004,74.026
1839,Costa Rica,2004,77.996
1840,Cote d'Ivoire,2004,49.788
1841,Cyprus,2004,78.506
1842,Czech Republic,2004,75.7219512195122
1843,Denmark,2004,77.49268292682927
1844,Estonia,2004,71.90975609756097
1845,Ethiopia,2004,55.174
1846,Finland,2004,78.71463414634148
1847,"Gambia, The",2004,57.553
1848,Ghana,2004,58.225
1849,Guinea,2004,52.499
1850,Guyana,2004,66.412
1851,"Hong Kong SAR, China",2004,81.82926829268294
1852,Hungary,2004,72.64878048780488
1853,Iceland,2004,80.99756097560977
1854,"Iran, Islamic Rep.",2004,71.592
1855,Ireland,2004,78.53902439024391
1856,Israel,2004,80.14634146341464
1857,Italy,2004,80.78048780487806
1858,Jamaica,2004,74.146
1859,Japan,2004,82.03024390243904
1860,Kenya,2004,53.475
1861,Kyrgyz Republic,2004,68.15365853658537
1862,Latvia,2004,72.02682926829269
1863,Lesotho,2004,43.083
1864,Lithuania,2004,71.9609756097561
1865,"Macao SAR, China",2004,81.304
1866,Madagascar,2004,60.752
1867,Malaysia,2004,73.364
1868,Mali,2004,51.224
1869,Malta,2004,79.25365853658539
1870,Mauritius,2004,72.2658536585366
1871,Mexico,2004,75.243
1872,Nepal,2004,64.729
1873,Netherlands,2004,79.09512195121953
1874,New Zealand,2004,79.54878048780488
1875,Niger,2004,52.668
1876,Norway,2004,79.84146341463416
1877,Oman,2004,73.851
1878,Pakistan,2004,63.736
1879,Panama,2004,75.728
1880,Peru,2004,72.581
1881,Poland,2004,74.84634146341465
1882,Portugal,2004,77.67073170731709
1883,Saudi Arabia,2004,73.159
1884,Senegal,2004,59.912
1885,Slovak Republic,2004,73.95853658536586
1886,Slovenia,2004,77.20731707317073
1887,South Africa,2004,53.444
1888,Spain,2004,79.87073170731709
1889,Sri Lanka,2004,74.337
1890,St. Lucia,2004,73.966
1891,Eswatini,2004,42.731
1892,Sweden,2004,80.49756097560977
1893,Switzerland,2004,81.0878048780488
1894,Thailand,2004,71.728
1895,Togo,2004,54.234
1896,Tunisia,2004,74.034
1897,United Kingdom,2004,78.74634146341464
1898,Uruguay,2004,75.599
1899,Zambia,2004,47.354
1900,Argentina,2005,74.451
1901,Armenia,2005,72.626
1902,Australia,2005,80.84146341463415
1903,Austria,2005,79.33170731707318
1904,Azerbaijan,2005,68.747
1905,Bangladesh,2005,67.773
1906,Belgium,2005,78.98048780487807
1907,Benin,2005,57.355
1908,Brazil,2005,71.896
1909,Bulgaria,2005,72.5609756097561
1910,Burundi,2005,53.369
1911,Cameroon,2005,52.76
1912,Canada,2005,80.19268292682928
1913,Chile,2005,77.63
1914,Colombia,2005,74.265
1915,Costa Rica,2005,78.117
1916,Cote d'Ivoire,2005,50.12
1917,Cyprus,2005,78.63
1918,Czech Republic,2005,75.92439024390245
1919,Denmark,2005,77.84390243902439
1920,Estonia,2005,72.56829268292682
1921,Ethiopia,2005,56.223
1922,Finland,2005,78.8170731707317
1923,"Gambia, The",2005,57.939
1924,Ghana,2005,58.719
1925,Guinea,2005,53.238
1926,Guyana,2005,66.694
1927,"Hong Kong SAR, China",2005,81.62926829268292
1928,Hungary,2005,72.64878048780488
1929,Iceland,2005,81.50243902439024
1930,"Iran, Islamic Rep.",2005,71.917
1931,Ireland,2005,78.9439024390244
1932,Israel,2005,80.15121951219513
1933,Italy,2005,80.78292682926829
1934,Jamaica,2005,74.148
1935,Japan,2005,81.92512195121952
1936,Kenya,2005,54.732
1937,Kyrgyz Republic,2005,67.95609756097562
1938,Latvia,2005,71.35609756097561
1939,Lesotho,2005,42.658
1940,Lithuania,2005,71.25365853658538
1941,"Macao SAR, China",2005,81.523
1942,Madagascar,2005,61.212
1943,Malaysia,2005,73.555
1944,Mali,2005,52.057
1945,Malta,2005,79.30000000000001
1946,Mauritius,2005,72.43219512195122
1947,Mexico,2005,75.3
1948,Nepal,2005,65.264
1949,Netherlands,2005,79.34634146341465
1950,New Zealand,2005,79.85121951219514
1951,Niger,2005,53.411
1952,Norway,2005,80.04146341463415
1953,Oman,2005,74.23
1954,Pakistan,2005,63.951
1955,Panama,2005,75.892
1956,Peru,2005,72.908
1957,Poland,2005,74.99512195121952
1958,Portugal,2005,78.0707317073171
1959,Saudi Arabia,2005,73.256
1960,Senegal,2005,60.62
1961,Slovak Republic,2005,73.90487804878049
1962,Slovenia,2005,77.61219512195122
1963,South Africa,2005,53.447
1964,Spain,2005,80.17073170731709
1965,Sri Lanka,2005,74.695
1966,St. Lucia,2005,74.122
1967,Eswatini,2005,42.518
1968,Sweden,2005,80.54634146341465
1969,Switzerland,2005,81.23658536585367
1970,Thailand,2005,72.099
1971,Togo,2005,54.602
1972,Tunisia,2005,74.217
1973,United Kingdom,2005,79.04878048780489
1974,Uruguay,2005,75.826
1975,Zambia,2005,48.496
1976,Argentina,2006,74.62
1977,Armenia,2006,72.716
1978,Australia,2006,81.04146341463415
1979,Austria,2006,79.88048780487806
1980,Azerbaijan,2006,69.259
1981,Bangladesh,2006,68.213
1982,Belgium,2006,79.38048780487804
1983,Benin,2006,57.817
1984,Brazil,2006,72.26
1985,Bulgaria,2006,72.61219512195122
1986,Burundi,2006,54.163
1987,Cameroon,2006,53.215
1988,Canada,2006,80.34390243902439
1989,Chile,2006,77.865
1990,Colombia,2006,74.5
1991,Costa Rica,2006,78.239
1992,Cote d'Ivoire,2006,50.561
1993,Cyprus,2006,78.764
1994,Czech Republic,2006,76.52439024390245
1995,Denmark,2006,78.09512195121954
1996,Estonia,2006,72.69146341463414
1997,Ethiopia,2006,57.334
1998,Finland,2006,79.21463414634147
1999,"Gambia, The",2006,58.313
2000,Ghana,2006,59.234
2001,Guinea,2006,54.052
2002,Guyana,2006,66.972
2003,"Hong Kong SAR, China",2006,82.37560975609757
2004,Hungary,2006,73.09756097560977
2005,Iceland,2006,81.15853658536587
2006,"Iran, Islamic Rep.",2006,72.257
2007,Ireland,2006,79.24146341463415
2008,Israel,2006,80.55365853658537
2009,Italy,2006,81.28292682926829
2010,Jamaica,2006,74.143
2011,Japan,2006,82.3219512195122
2012,Kenya,2006,56.093
2013,Kyrgyz Republic,2006,67.6951219512195
2014,Latvia,2006,70.8658536585366
2015,Lesotho,2006,42.595
2016,Lithuania,2006,71.05609756097562
2017,"Macao SAR, China",2006,81.748
2018,Madagascar,2006,61.65
2019,Malaysia,2006,73.744
2020,Mali,2006,52.839
2021,Malta,2006,79.43902439024392
2022,Mauritius,2006,72.43219512195122
2023,Mexico,2006,75.296
2024,Nepal,2006,65.773
2025,Netherlands,2006,79.69756097560976
2026,New Zealand,2006,80.04878048780489
2027,Niger,2006,54.18
2028,Norway,2006,80.34390243902439
2029,Oman,2006,74.577
2030,Pakistan,2006,64.176
2031,Panama,2006,76.06
2032,Peru,2006,73.222
2033,Poland,2006,75.1439024390244
2034,Portugal,2006,78.41951219512195
2035,Saudi Arabia,2006,73.355
2036,Senegal,2006,61.365
2037,Slovak Republic,2006,74.2048780487805
2038,Slovenia,2006,78.08658536585367
2039,South Africa,2006,53.795
2040,Spain,2006,80.8219512195122
2041,Sri Lanka,2006,74.904
2042,St. Lucia,2006,74.276
2043,Eswatini,2006,42.733
2044,Sweden,2006,80.7487804878049
2045,Switzerland,2006,81.49024390243903
2046,Thailand,2006,72.499
2047,Togo,2006,55.052
2048,Tunisia,2006,74.391
2049,United Kingdom,2006,79.2487804878049
2050,Uruguay,2006,76.046
2051,Zambia,2006,49.757
2052,Argentina,2007,74.787
2053,Armenia,2007,72.815
2054,Australia,2007,81.29268292682927
2055,Austria,2007,80.18048780487806
2056,Azerbaijan,2007,69.752
2057,Bangladesh,2007,68.648
2058,Belgium,2007,79.7829268292683
2059,Benin,2007,58.255
2060,Brazil,2007,72.618
2061,Bulgaria,2007,72.66341463414635
2062,Burundi,2007,54.944
2063,Cameroon,2007,53.681
2064,Canada,2007,80.54390243902441
2065,Chile,2007,78.099
2066,Colombia,2007,74.732
2067,Costa Rica,2007,78.362
2068,Cote d'Ivoire,2007,51.091
2069,Cyprus,2007,78.91
2070,Czech Republic,2007,76.72439024390246
2071,Denmark,2007,78.19512195121952
2072,Estonia,2007,72.81463414634148
2073,Ethiopia,2007,58.467
2074,Finland,2007,79.26341463414636
2075,"Gambia, The",2007,58.671
2076,Ghana,2007,59.741
2077,Guinea,2007,54.864
2078,Guyana,2007,67.247
2079,"Hong Kong SAR, China",2007,82.3268292682927
2080,Hungary,2007,73.15121951219513
2081,Iceland,2007,81.45365853658538
2082,"Iran, Islamic Rep.",2007,72.626
2083,Ireland,2007,79.64146341463415
2084,Israel,2007,80.50487804878051
2085,Italy,2007,81.43414634146342
2086,Jamaica,2007,74.129
2087,Japan,2007,82.50707317073172
2088,Kenya,2007,57.463
2089,Kyrgyz Republic,2007,67.89512195121952
2090,Latvia,2007,71.01951219512196
2091,Lesotho,2007,42.854
2092,Lithuania,2007,70.90000000000002
2093,"Macao SAR, China",2007,81.981
2094,Madagascar,2007,62.079
2095,Malaysia,2007,73.931
2096,Mali,2007,53.553
2097,Malta,2007,79.79268292682927
2098,Mauritius,2007,72.57073170731708
2099,Mexico,2007,75.255
2100,Nepal,2007,66.26
2101,Netherlands,2007,80.09756097560975
2102,New Zealand,2007,80.15121951219513
2103,Niger,2007,54.968
2104,Norway,2007,80.39512195121952
2105,Oman,2007,74.893
2106,Pakistan,2007,64.42
2107,Panama,2007,76.234
2108,Peru,2007,73.528
2109,Poland,2007,75.2439024390244
2110,Portugal,2007,78.3219512195122
2111,Saudi Arabia,2007,73.467
2112,Senegal,2007,62.126
2113,Slovak Republic,2007,74.20731707317074
2114,Slovenia,2007,78.56097560975611
2115,South Africa,2007,54.452
2116,Spain,2007,80.87317073170732
2117,Sri Lanka,2007,75.037
2118,St. Lucia,2007,74.426
2119,Eswatini,2007,43.308
2120,Sweden,2007,80.90000000000002
2121,Switzerland,2007,81.74146341463415
2122,Thailand,2007,72.916
2123,Togo,2007,55.581
2124,Tunisia,2007,74.558
2125,United Kingdom,2007,79.44878048780488
2126,Uruguay,2007,76.251
2127,Zambia,2007,51.134
2128,Argentina,2008,74.952
2129,Armenia,2008,72.946
2130,Australia,2008,81.39512195121952
2131,Austria,2008,80.43170731707318
2132,Azerbaijan,2008,70.201
2133,Bangladesh,2008,69.072
2134,Belgium,2008,79.68048780487806
2135,Benin,2008,58.654
2136,Brazil,2008,72.966
2137,Bulgaria,2008,72.96341463414635
2138,Burundi,2008,55.721
2139,Cameroon,2008,54.153
2140,Canada,2008,80.69512195121952
2141,Chile,2008,78.33
2142,Colombia,2008,74.962
2143,Costa Rica,2008,78.491
2144,Cote d'Ivoire,2008,51.682
2145,Cyprus,2008,79.071
2146,Czech Republic,2008,76.97560975609757
2147,Denmark,2008,78.44634146341464
2148,Estonia,2008,73.77073170731708
2149,Ethiopia,2008,59.581
2150,Finland,2008,79.56829268292684
2151,"Gambia, The",2008,59.012
2152,Ghana,2008,60.216
2153,Guinea,2008,55.614
2154,Guyana,2008,67.521
2155,"Hong Kong SAR, China",2008,82.37560975609757
2156,Hungary,2008,73.70243902439026
2157,Iceland,2008,81.60975609756099
2158,"Iran, Islamic Rep.",2008,73.027
2159,Ireland,2008,80.09512195121953
2160,Israel,2008,80.95121951219512
2161,Italy,2008,81.48536585365855
2162,Jamaica,2008,74.103
2163,Japan,2008,82.58756097560978
2164,Kenya,2008,58.76
2165,Kyrgyz Republic,2008,68.45121951219512
2166,Latvia,2008,72.41951219512197
2167,Lesotho,2008,43.384
2168,Lithuania,2008,71.81219512195122
2169,"Macao SAR, China",2008,82.22
2170,Madagascar,2008,62.509
2171,Malaysia,2008,74.118
2172,Mali,2008,54.193
2173,Malta,2008,79.63658536585366
2174,Mauritius,2008,72.57073170731708
2175,Mexico,2008,75.194
2176,Nepal,2008,66.727
2177,Netherlands,2008,80.25121951219512
2178,New Zealand,2008,80.35121951219514
2179,Niger,2008,55.764
2180,Norway,2008,80.59268292682928
2181,Oman,2008,75.179
2182,Pakistan,2008,64.685
2183,Panama,2008,76.414
2184,Peru,2008,73.826
2185,Poland,2008,75.54390243902441
2186,Portugal,2008,78.52439024390246
2187,Saudi Arabia,2008,73.598
2188,Senegal,2008,62.88
2189,Slovak Republic,2008,74.7048780487805
2190,Slovenia,2008,78.7658536585366
2191,South Africa,2008,55.36
2192,Spain,2008,81.17560975609757
2193,Sri Lanka,2008,75.157
2194,St. Lucia,2008,74.571
2195,Eswatini,2008,44.17
2196,Sweden,2008,81.10000000000001
2197,Switzerland,2008,81.99268292682927
2198,Thailand,2008,73.341
2199,Togo,2008,56.178
2200,Tunisia,2008,74.72
2201,United Kingdom,2008,79.60000000000001
2202,Uruguay,2008,76.437
2203,Zambia,2008,52.606
2204,Argentina,2009,75.116
2205,Armenia,2009,73.118
2206,Australia,2009,81.54390243902441
2207,Austria,2009,80.33170731707318
2208,Azerbaijan,2009,70.597
2209,Bangladesh,2009,69.485
2210,Belgium,2009,80.03414634146341
2211,Benin,2009,59.009
2212,Brazil,2009,73.3
2213,Bulgaria,2009,73.41219512195123
2214,Burundi,2009,56.488
2215,Cameroon,2009,54.627
2216,Canada,2009,80.99512195121952
2217,Chile,2009,78.558
2218,Colombia,2009,75.193
2219,Costa Rica,2009,78.626
2220,Cote d'Ivoire,2009,52.313
2221,Cyprus,2009,79.245
2222,Czech Republic,2009,77.0780487804878
2223,Denmark,2009,78.59756097560977
2224,Estonia,2009,74.82439024390244
2225,Ethiopia,2009,60.645
2226,Finland,2009,79.71951219512196
2227,"Gambia, The",2009,59.334
2228,Ghana,2009,60.645
2229,Guinea,2009,56.279
2230,Guyana,2009,67.792
2231,"Hong Kong SAR, China",2009,82.77560975609757
2232,Hungary,2009,73.90487804878049
2233,Iceland,2009,81.75121951219514
2234,"Iran, Islamic Rep.",2009,73.457
2235,Ireland,2009,80.19024390243902
2236,Israel,2009,81.40487804878049
2237,Italy,2009,81.63658536585366
2238,Jamaica,2009,74.071
2239,Japan,2009,82.93146341463415
2240,Kenya,2009,59.932
2241,Kyrgyz Republic,2009,69.10243902439026
2242,Latvia,2009,73.08048780487806
2243,Lesotho,2009,44.146
2244,Lithuania,2009,72.91463414634147
2245,"Macao SAR, China",2009,82.462
2246,Madagascar,2009,62.944
2247,Malaysia,2009,74.305
2248,Mali,2009,54.756
2249,Malta,2009,80.24146341463415
2250,Mauritius,2009,72.88243902439025
2251,Mexico,2009,75.128
2252,Nepal,2009,67.178
2253,Netherlands,2009,80.54878048780489
2254,New Zealand,2009,80.70243902439024
2255,Niger,2009,56.557
2256,Norway,2009,80.79512195121951
2257,Oman,2009,75.44
2258,Pakistan,2009,64.969
2259,Panama,2009,76.6
2260,Peru,2009,74.12
2261,Poland,2009,75.69512195121952
2262,Portugal,2009,78.72682926829269
2263,Saudi Arabia,2009,73.75
2264,Senegal,2009,63.607
2265,Slovak Republic,2009,74.90975609756099
2266,Slovenia,2009,78.97073170731707
2267,South Africa,2009,56.46
2268,Spain,2009,81.47560975609755
2269,Sri Lanka,2009,75.286
2270,St. Lucia,2009,74.712
2271,Eswatini,2009,45.275
2272,Sweden,2009,81.35121951219513
2273,Switzerland,2009,82.0439024390244
2274,Thailand,2009,73.766
2275,Togo,2009,56.818
2276,Tunisia,2009,74.88
2277,United Kingdom,2009,80.05121951219512
2278,Uruguay,2009,76.603
2279,Zambia,2009,54.13
2280,Argentina,2010,75.278
2281,Armenia,2010,73.331
2282,Australia,2010,81.69512195121953
2283,Austria,2010,80.58048780487806
2284,Azerbaijan,2010,70.938
2285,Bangladesh,2010,69.881
2286,Belgium,2010,80.1829268292683
2287,Benin,2010,59.318
2288,Brazil,2010,73.619
2289,Bulgaria,2010,73.51219512195122
2290,Burundi,2010,57.228
2291,Cameroon,2010,55.101
2292,Canada,2010,81.24634146341464
2293,Chile,2010,78.779
2294,Colombia,2010,75.424
2295,Costa Rica,2010,78.769
2296,Cote d'Ivoire,2010,52.964
2297,Cyprus,2010,79.43
2298,Czech Republic,2010,77.42439024390245
2299,Denmark,2010,79.10000000000001
2300,Estonia,2010,75.42926829268293
2301,Ethiopia,2010,61.627
2302,Finland,2010,79.87073170731709
2303,"Gambia, The",2010,59.637
2304,Ghana,2010,61.03
2305,Guinea,2010,56.861
2306,Guyana,2010,68.059
2307,"Hong Kong SAR, China",2010,82.97804878048782
2308,Hungary,2010,74.20731707317074
2309,Iceland,2010,81.89756097560975
2310,"Iran, Islamic Rep.",2010,73.905
2311,Ireland,2010,80.74390243902438
2312,Israel,2010,81.60243902439025
2313,Italy,2010,82.03658536585367
2314,Jamaica,2010,74.038
2315,Japan,2010,82.84268292682927
2316,Kenya,2010,60.959
2317,Kyrgyz Republic,2010,69.30000000000001
2318,Latvia,2010,73.4829268292683
2319,Lesotho,2010,45.1
2320,Lithuania,2010,73.26829268292683
2321,"Macao SAR, China",2010,82.704
2322,Madagascar,2010,63.388
2323,Malaysia,2010,74.493
2324,Mali,2010,55.251
2325,Malta,2010,81.39756097560976
2326,Mauritius,2010,72.96731707317073
2327,Mexico,2010,75.065
2328,Nepal,2010,67.611
2329,Netherlands,2010,80.70243902439024
2330,New Zealand,2010,80.70243902439024
2331,Niger,2010,57.333
2332,Norway,2010,80.99756097560977
2333,Oman,2010,75.682
2334,Pakistan,2010,65.264
2335,Panama,2010,76.792
2336,Peru,2010,74.41
2337,Poland,2010,76.24634146341464
2338,Portugal,2010,79.02682926829269
2339,Saudi Arabia,2010,73.917
2340,Senegal,2010,64.284
2341,Slovak Republic,2010,75.11219512195122
2342,Slovenia,2010,79.4219512195122
2343,South Africa,2010,57.669
2344,Spain,2010,81.6268292682927
2345,Sri Lanka,2010,75.439
2346,St. Lucia,2010,74.852
2347,Eswatini,2010,46.601
2348,Sweden,2010,81.45121951219514
2349,Switzerland,2010,82.24634146341465
2350,Thailand,2010,74.184
2351,Togo,2010,57.468
2352,Tunisia,2010,75.041
2353,United Kingdom,2010,80.40243902439025
2354,Uruguay,2010,76.75
2355,Zambia,2010,55.655
2356,Argentina,2011,75.439
2357,Armenia,2011,73.572
2358,Australia,2011,81.89512195121951
2359,Austria,2011,80.9829268292683
2360,Azerbaijan,2011,71.234
2361,Bangladesh,2011,70.256
2362,Belgium,2011,80.58536585365854
2363,Benin,2011,59.59
2364,Brazil,2011,73.921
2365,Bulgaria,2011,74.16341463414635
2366,Burundi,2011,57.925
2367,Cameroon,2011,55.581
2368,Canada,2011,81.44878048780488
2369,Chile,2011,78.986
2370,Colombia,2011,75.655
2371,Costa Rica,2011,78.919
2372,Cote d'Ivoire,2011,53.62
2373,Cyprus,2011,79.621
2374,Czech Republic,2011,77.87317073170732
2375,Denmark,2011,79.80000000000001
2376,Estonia,2011,76.22926829268293
2377,Ethiopia,2011,62.505
2378,Finland,2011,80.47073170731709
2379,"Gambia, The",2011,59.917
2380,Ghana,2011,61.381
2381,Guinea,2011,57.387
2382,Guyana,2011,68.321
2383,"Hong Kong SAR, China",2011,83.4219512195122
2384,Hungary,2011,74.85853658536587
2385,Iceland,2011,82.35853658536587
2386,"Iran, Islamic Rep.",2011,74.352
2387,Ireland,2011,80.74634146341464
2388,Israel,2011,81.65609756097562
2389,Italy,2011,82.1878048780488
2390,Jamaica,2011,74.012
2391,Japan,2011,82.59121951219514
2392,Kenya,2011,61.851
2393,Kyrgyz Republic,2011,69.60243902439025
2394,Latvia,2011,73.57560975609756
2395,Lesotho,2011,46.207
2396,Lithuania,2011,73.56341463414635
2397,"Macao SAR, China",2011,82.938
2398,Madagascar,2011,63.836
2399,Malaysia,2011,74.683
2400,Mali,2011,55.701
2401,Malta,2011,80.74634146341464
2402,Mauritius,2011,73.2668292682927
2403,Mexico,2011,75.011
2404,Nepal,2011,68.028
2405,Netherlands,2011,81.2048780487805
2406,New Zealand,2011,80.90487804878049
2407,Niger,2011,58.081
2408,Norway,2011,81.2951219512195
2409,Oman,2011,75.916
2410,Pakistan,2011,65.562
2411,Panama,2011,76.989
2412,Peru,2011,74.697
2413,Poland,2011,76.69512195121952
2414,Portugal,2011,80.47073170731709
2415,Saudi Arabia,2011,74.089
2416,Senegal,2011,64.898
2417,Slovak Republic,2011,75.95853658536586
2418,Slovenia,2011,79.97073170731709
2419,South Africa,2011,58.895
2420,Spain,2011,82.47560975609757
2421,Sri Lanka,2011,75.614
2422,St. Lucia,2011,74.993
2423,Eswatini,2011,48.141
2424,Sweden,2011,81.80243902439025
2425,Switzerland,2011,82.69512195121952
2426,Thailand,2011,74.593
2427,Togo,2011,58.092
2428,Tunisia,2011,75.206
2429,United Kingdom,2011,80.95121951219512
2430,Uruguay,2011,76.882
2431,Zambia,2011,57.126
2432,Argentina,2012,75.598
2433,Armenia,2012,73.82
2434,Australia,2012,82.04634146341463
2435,Austria,2012,80.93658536585367
2436,Azerbaijan,2012,71.506
2437,Bangladesh,2012,70.606
2438,Belgium,2012,80.38536585365854
2439,Benin,2012,59.842
2440,Brazil,2012,74.209
2441,Bulgaria,2012,74.31463414634149
2442,Burundi,2012,58.568
2443,Cameroon,2012,56.073
2444,Canada,2012,81.64878048780488
2445,Chile,2012,79.176
2446,Colombia,2012,75.882
2447,Costa Rica,2012,79.074
2448,Cote d'Ivoire,2012,54.271
2449,Cyprus,2012,79.812
2450,Czech Republic,2012,78.07560975609758
2451,Denmark,2012,80.05121951219512
2452,Estonia,2012,76.3268292682927
2453,Ethiopia,2012,63.281
2454,Finland,2012,80.6268292682927
2455,"Gambia, The",2012,60.178
2456,Ghana,2012,61.72
2457,Guinea,2012,57.905
2458,Guyana,2012,68.575
2459,"Hong Kong SAR, China",2012,83.48048780487807
2460,Hungary,2012,75.06341463414634
2461,Iceland,2012,82.91707317073171
2462,"Iran, Islamic Rep.",2012,74.776
2463,Ireland,2012,80.84634146341465
2464,Israel,2012,81.7048780487805
2465,Italy,2012,82.23902439024391
2466,Jamaica,2012,74.001
2467,Japan,2012,83.09609756097561
2468,Kenya,2012,62.659
2469,Kyrgyz Republic,2012,70.00243902439024
2470,Latvia,2012,73.77804878048781
2471,Lesotho,2012,47.416
2472,Lithuania,2012,73.86341463414635
2473,"Macao SAR, China",2012,83.158
2474,Madagascar,2012,64.28
2475,Malaysia,2012,74.877
2476,Mali,2012,56.135
2477,Malta,2012,80.74634146341464
2478,Mauritius,2012,73.86341463414635
2479,Mexico,2012,74.966
2480,Nepal,2012,68.426
2481,Netherlands,2012,81.10487804878049
2482,New Zealand,2012,81.15609756097562
2483,Niger,2012,58.79
2484,Norway,2012,81.45121951219514
2485,Oman,2012,76.149
2486,Pakistan,2012,65.849
2487,Panama,2012,77.188
2488,Peru,2012,74.981
2489,Poland,2012,76.74634146341464
2490,Portugal,2012,80.37317073170732
2491,Saudi Arabia,2012,74.254
2492,Senegal,2012,65.448
2493,Slovak Republic,2012,76.10975609756099
2494,Slovenia,2012,80.12439024390244
2495,South Africa,2012,60.06
2496,Spain,2012,82.4268292682927
2497,Sri Lanka,2012,75.796
2498,St. Lucia,2012,75.138
2499,Eswatini,2012,49.862
2500,Sweden,2012,81.7048780487805
2501,Switzerland,2012,82.69756097560976
2502,Thailand,2012,74.992
2503,Togo,2012,58.661
2504,Tunisia,2012,75.376
2505,United Kingdom,2012,80.90487804878049
2506,Uruguay,2012,77.004
2507,Zambia,2012,58.502
2508,Argentina,2013,75.756
2509,Armenia,2013,74.056
2510,Australia,2013,82.14878048780488
2511,Austria,2013,81.13658536585366
2512,Azerbaijan,2013,71.768
2513,Bangladesh,2013,70.93
2514,Belgium,2013,80.58780487804879
2515,Benin,2013,60.092
2516,Brazil,2013,74.483
2517,Bulgaria,2013,74.8609756097561
2518,Burundi,2013,59.148
2519,Cameroon,2013,56.576
2520,Canada,2013,81.7487804878049
2521,Chile,2013,79.349
2522,Colombia,2013,76.105
2523,Costa Rica,2013,79.234
2524,Cote d'Ivoire,2013,54.906
2525,Cyprus,2013,79.999
2526,Czech Republic,2013,78.17560975609756
2527,Denmark,2013,80.30000000000001
2528,Estonia,2013,77.14146341463415
2529,Ethiopia,2013,63.961
2530,Finland,2013,80.97560975609757
2531,"Gambia, The",2013,60.426
2532,Ghana,2013,62.064
2533,Guinea,2013,58.447
2534,Guyana,2013,68.819
2535,"Hong Kong SAR, China",2013,83.83170731707318
2536,Hungary,2013,75.5658536585366
2537,Iceland,2013,82.06097560975611
2538,"Iran, Islamic Rep.",2013,75.162
2539,Ireland,2013,80.94878048780488
2540,Israel,2013,82.05609756097562
2541,Italy,2013,82.69024390243902
2542,Jamaica,2013,74.01
2543,Japan,2013,83.3319512195122
2544,Kenya,2013,63.419
2545,Kyrgyz Republic,2013,70.20243902439024
2546,Latvia,2013,73.98292682926831
2547,Lesotho,2013,48.663
2548,Lithuania,2013,73.91463414634146
2549,"Macao SAR, China",2013,83.361
2550,Madagascar,2013,64.713
2551,Malaysia,2013,75.072
2552,Mali,2013,56.578
2553,Malta,2013,81.74634146341464
2554,Mauritius,2013,74.01707317073172
2555,Mexico,2013,74.93
2556,Nepal,2013,68.806
2557,Netherlands,2013,81.3048780487805
2558,New Zealand,2013,81.40731707317073
2559,Niger,2013,59.455
2560,Norway,2013,81.75121951219514
2561,Oman,2013,76.388
2562,Pakistan,2013,66.117
2563,Panama,2013,77.386
2564,Peru,2013,75.258
2565,Poland,2013,77.00000000000001
2566,Portugal,2013,80.7219512195122
2567,Saudi Arabia,2013,74.402
2568,Senegal,2013,65.939
2569,Slovak Republic,2013,76.41219512195123
2570,Slovenia,2013,80.3219512195122
2571,South Africa,2013,61.099
2572,Spain,2013,83.07804878048782
2573,Sri Lanka,2013,75.974
2574,St. Lucia,2013,75.286
2575,Eswatini,2013,51.699
2576,Sweden,2013,81.9560975609756
2577,Switzerland,2013,82.79756097560977
2578,Thailand,2013,75.378
2579,Togo,2013,59.16
2580,Tunisia,2013,75.552
2581,United Kingdom,2013,81.0048780487805
2582,Uruguay,2013,77.124
2583,Zambia,2013,59.746
2584,Argentina,2014,75.913
2585,Armenia,2014,74.273
2586,Australia,2014,82.30000000000001
2587,Austria,2014,81.49024390243903
2588,Azerbaijan,2014,72.022
2589,Bangladesh,2014,71.231
2590,Belgium,2014,81.28780487804877
2591,Benin,2014,60.345
2592,Brazil,2014,74.745
2593,Bulgaria,2014,74.46585365853659
2594,Burundi,2014,59.665
2595,Cameroon,2014,57.083
2596,Canada,2014,81.80000000000001
2597,Chile,2014,79.504
2598,Colombia,2014,76.322
2599,Costa Rica,2014,79.398
2600,Cote d'Ivoire,2014,55.508
2601,Cyprus,2014,80.178
2602,Czech Republic,2014,78.82439024390244
2603,Denmark,2014,80.7
2604,Estonia,2014,77.03414634146343
2605,Ethiopia,2014,64.547
2606,Finland,2014,81.18048780487807
2607,"Gambia, The",2014,60.667
2608,Ghana,2014,62.416
2609,Guinea,2014,59.016
2610,Guyana,2014,69.049
2611,"Hong Kong SAR, China",2014,83.98048780487807
2612,Hungary,2014,75.76341463414634
2613,Iceland,2014,82.86097560975611
2614,"Iran, Islamic Rep.",2014,75.502
2615,Ireland,2014,81.34878048780487
2616,Israel,2014,82.15365853658537
2617,Italy,2014,83.09024390243904
2618,Jamaica,2014,74.042
2619,Japan,2014,83.5878048780488
2620,Kenya,2014,64.135
2621,Kyrgyz Republic,2014,70.40243902439025
2622,Latvia,2014,74.12439024390244
2623,Lesotho,2014,49.891
2624,Lithuania,2014,74.5170731707317
2625,"Macao SAR, China",2014,83.543
2626,Madagascar,2014,65.133
2627,Malaysia,2014,75.268
2628,Mali,2014,57.036
2629,Malta,2014,82.04634146341463
2630,Mauritius,2014,74.19439024390245
2631,Mexico,2014,74.908
2632,Nepal,2014,69.168
2633,Netherlands,2014,81.70731707317074
2634,New Zealand,2014,81.40487804878049
2635,Niger,2014,60.07
2636,Norway,2014,82.10000000000001
2637,Oman,2014,76.634
2638,Pakistan,2014,66.36
2639,Panama,2014,77.583
2640,Peru,2014,75.529
2641,Poland,2014,77.60243902439025
2642,Portugal,2014,81.12195121951221
2643,Saudi Arabia,2014,74.533
2644,Senegal,2014,66.37
2645,Slovak Republic,2014,76.81219512195123
2646,Slovenia,2014,81.0780487804878
2647,South Africa,2014,61.968
2648,Spain,2014,83.22926829268293
2649,Sri Lanka,2014,76.147
2650,St. Lucia,2014,75.44
2651,Eswatini,2014,53.569
2652,Sweden,2014,82.25365853658538
2653,Switzerland,2014,83.19756097560976
2654,Thailand,2014,75.747
2655,Togo,2014,59.58
2656,Tunisia,2014,75.734
2657,United Kingdom,2014,81.3048780487805
2658,Uruguay,2014,77.244
2659,Zambia,2014,60.831
2660,Argentina,2015,76.068
2661,Armenia,2015,74.467
2662,Australia,2015,82.40000000000002
2663,Austria,2015,81.19024390243904
2664,Azerbaijan,2015,72.266
2665,Bangladesh,2015,71.514
2666,Belgium,2015,80.99268292682929
2667,Benin,2015,60.608
2668,Brazil,2015,74.994
2669,Bulgaria,2015,74.61463414634147
2670,Burundi,2015,60.123
2671,Cameroon,2015,57.583
2672,Canada,2015,81.9
2673,Chile,2015,79.646
2674,Colombia,2015,76.531
2675,Costa Rica,2015,79.565
2676,Cote d'Ivoire,2015,56.065
2677,Cyprus,2015,80.35
2678,Czech Republic,2015,78.5780487804878
2679,Denmark,2015,80.70243902439024
2680,Estonia,2015,77.59024390243903
2681,Ethiopia,2015,65.048
2682,Finland,2015,81.48048780487807
2683,"Gambia, The",2015,60.91
2684,Ghana,2015,62.772
2685,Guinea,2015,59.598
2686,Guyana,2015,69.262
2687,"Hong Kong SAR, China",2015,84.27804878048782
2688,Hungary,2015,75.56829268292685
2689,Iceland,2015,82.46829268292684
2690,"Iran, Islamic Rep.",2015,75.796
2691,Ireland,2015,81.45365853658538
2692,Israel,2015,82.05121951219512
2693,Italy,2015,82.5439024390244
2694,Jamaica,2015,74.098
2695,Japan,2015,83.7939024390244
2696,Kenya,2015,64.798
2697,Kyrgyz Republic,2015,70.65121951219513
2698,Latvia,2015,74.48048780487805
2699,Lesotho,2015,51.038
2700,Lithuania,2015,74.32195121951221
2701,"Macao SAR, China",2015,83.707
2702,Madagascar,2015,65.539
2703,Malaysia,2015,75.461
2704,Mali,2015,57.509
2705,Malta,2015,81.89756097560975
2706,Mauritius,2015,74.35317073170732
2707,Mexico,2015,74.904
2708,Nepal,2015,69.515
2709,Netherlands,2015,81.509756097561
2710,New Zealand,2015,81.4568292682927
2711,Niger,2015,60.631
2712,Norway,2015,82.30487804878051
2713,Oman,2015,76.887
2714,Pakistan,2015,66.577
2715,Panama,2015,77.776
2716,Peru,2015,75.792
2717,Poland,2015,77.45121951219512
2718,Portugal,2015,81.12439024390245
2719,Saudi Arabia,2015,74.651
2720,Senegal,2015,66.747
2721,Slovak Republic,2015,76.56341463414634
2722,Slovenia,2015,80.77560975609757
2723,South Africa,2015,62.649
2724,Spain,2015,82.83170731707318
2725,Sri Lanka,2015,76.316
2726,St. Lucia,2015,75.596
2727,Eswatini,2015,55.359
2728,Sweden,2015,82.2048780487805
2729,Switzerland,2015,82.89756097560976
2730,Thailand,2015,76.091
2731,Togo,2015,59.927
2732,Tunisia,2015,75.922
2733,United Kingdom,2015,80.95609756097562
2734,Uruguay,2015,77.369
2735,Zambia,2015,61.737
2736,Argentina,2016,76.221
2737,Armenia,2016,74.64
2738,Australia,2016,82.4487804878049
2739,Austria,2016,81.64146341463416
2740,Azerbaijan,2016,72.493
2741,Bangladesh,2016,71.785
2742,Belgium,2016,81.4390243902439
2743,Benin,2016,60.885
2744,Brazil,2016,75.23
2745,Bulgaria,2016,74.81219512195123
2746,Burundi,2016,60.528
2747,Cameroon,2016,58.063
2748,Canada,2016,81.9
2749,Chile,2016,79.779
2750,Colombia,2016,76.732
2751,Costa Rica,2016,79.738
2752,Cote d'Ivoire,2016,56.567
2753,Cyprus,2016,80.513
2754,Czech Republic,2016,79.02682926829269
2755,Denmark,2016,80.85365853658537
2756,Estonia,2016,77.64146341463416
2757,Ethiopia,2016,65.482
2758,Finland,2016,81.42926829268293
2759,"Gambia, The",2016,61.166
2760,Ghana,2016,63.124
2761,Guinea,2016,60.17
2762,Guyana,2016,69.454
2763,"Hong Kong SAR, China",2016,84.22682926829269
2764,Hungary,2016,76.06341463414635
2765,Iceland,2016,82.2048780487805
2766,"Iran, Islamic Rep.",2016,76.047
2767,Ireland,2016,81.65365853658537
2768,Israel,2016,82.40731707317074
2769,Italy,2016,83.24390243902438
2770,Jamaica,2016,74.175
2771,Japan,2016,83.9848780487805
2772,Kenya,2016,65.393
2773,Kyrgyz Republic,2016,70.95121951219512
2774,Latvia,2016,74.58048780487805
2775,Lesotho,2016,52.059
2776,Lithuania,2016,74.67073170731707
2777,"Macao SAR, China",2016,83.854
2778,Madagascar,2016,65.931
2779,Malaysia,2016,75.649
2780,Mali,2016,57.987
2781,Malta,2016,82.45365853658538
2782,Mauritius,2016,74.3948780487805
2783,Mexico,2016,74.917
2784,Nepal,2016,69.848
2785,Netherlands,2016,81.5609756097561
2786,New Zealand,2016,81.61243902439026
2787,Niger,2016,61.137
2788,Norway,2016,82.40731707317074
2789,Oman,2016,77.142
2790,Pakistan,2016,66.77
2791,Panama,2016,77.964
2792,Peru,2016,76.044
2793,Poland,2016,77.85121951219514
2794,Portugal,2016,81.12439024390245
2795,Saudi Arabia,2016,74.761
2796,Senegal,2016,67.078
2797,Slovak Republic,2016,77.16585365853659
2798,Slovenia,2016,81.17560975609757
2799,South Africa,2016,63.153
2800,Spain,2016,83.32926829268293
2801,Sri Lanka,2016,76.482
2802,St. Lucia,2016,75.752
2803,Eswatini,2016,56.962
2804,Sweden,2016,82.30731707317074
2805,Switzerland,2016,83.60243902439025
2806,Thailand,2016,76.403
2807,Togo,2016,60.22
2808,Tunisia,2016,76.115
2809,United Kingdom,2016,81.15609756097562
2810,Uruguay,2016,77.498
2811,Zambia,2016,62.464
2812,Argentina,2017,76.372
2813,Armenia,2017,74.797
2814,Australia,2017,82.50000000000001
2815,Austria,2017,81.6439024390244
2816,Azerbaijan,2017,72.693
2817,Bangladesh,2017,72.052
2818,Belgium,2017,81.49268292682927
2819,Benin,2017,61.174
2820,Brazil,2017,75.456
2821,Bulgaria,2017,74.81463414634148
2822,Burundi,2017,60.898
2823,Cameroon,2017,58.511
2824,Canada,2017,81.9
2825,Chile,2017,79.909
2826,Colombia,2017,76.925
2827,Costa Rica,2017,79.914
2828,Cote d'Ivoire,2017,57.017
2829,Cyprus,2017,80.672
2830,Czech Republic,2017,78.97804878048781
2831,Denmark,2017,81.10243902439025
2832,Estonia,2017,78.09268292682927
2833,Ethiopia,2017,65.872
2834,Finland,2017,81.6317073170732
2835,"Gambia, The",2017,61.44
2836,Ghana,2017,63.463
2837,Guinea,2017,60.706
2838,Guyana,2017,69.624
2839,"Hong Kong SAR, China",2017,84.68048780487806
2840,Hungary,2017,75.81707317073172
2841,Iceland,2017,82.6609756097561
2842,"Iran, Islamic Rep.",2017,76.271
2843,Ireland,2017,82.15609756097562
2844,Israel,2017,82.55121951219512
2845,Italy,2017,82.94634146341465
2846,Jamaica,2017,74.267
2847,Japan,2017,84.09975609756098
2848,Kenya,2017,65.909
2849,Kyrgyz Republic,2017,71.20000000000002
2850,Latvia,2017,74.62926829268294
2851,Lesotho,2017,52.947
2852,Lithuania,2017,75.48048780487807
2853,"Macao SAR, China",2017,83.989
2854,Madagascar,2017,66.311
2855,Malaysia,2017,75.828
2856,Mali,2017,58.452
2857,Malta,2017,82.34634146341465
2858,Mauritius,2017,74.51463414634146
2859,Mexico,2017,74.947
2860,Nepal,2017,70.169
2861,Netherlands,2017,81.76097560975612
2862,New Zealand,2017,81.65853658536587
2863,Niger,2017,61.599
2864,Norway,2017,82.60975609756098
2865,Oman,2017,77.393
2866,Pakistan,2017,66.947
2867,Panama,2017,78.149
2868,Peru,2017,76.286
2869,Poland,2017,77.75365853658538
2870,Portugal,2017,81.42439024390245
2871,Saudi Arabia,2017,74.874
2872,Senegal,2017,67.38
2873,Slovak Republic,2017,77.16585365853659
2874,Slovenia,2017,81.02926829268294
2875,South Africa,2017,63.538
2876,Spain,2017,83.28292682926829
2877,Sri Lanka,2017,76.648
2878,St. Lucia,2017,75.907
2879,Eswatini,2017,58.319
2880,Sweden,2017,82.40975609756099
2881,Switzerland,2017,83.55121951219512
2882,Thailand,2017,76.683
2883,Togo,2017,60.489
2884,Tunisia,2017,76.31
2885,United Kingdom,2017,81.2560975609756
2886,Uruguay,2017,77.632
2887,Zambia,2017,63.043
2888,Argentina,2018,76.52
2889,Armenia,2018,74.945
2890,Australia,2018,82.7487804878049
2891,Austria,2018,81.69268292682928
2892,Azerbaijan,2018,72.864
2893,Bangladesh,2018,72.32
2894,Belgium,2018,81.59512195121953
2895,Benin,2018,61.47
2896,Brazil,2018,75.672
2897,Bulgaria,2018,74.96341463414636
2898,Burundi,2018,61.247
2899,Cameroon,2018,58.921
2900,Canada,2018,82.04878048780488
2901,Chile,2018,80.042
2902,Colombia,2018,77.109
2903,Costa Rica,2018,80.095
2904,Cote d'Ivoire,2018,57.422
2905,Cyprus,2018,80.828
2906,Czech Republic,2018,79.02926829268293
2907,Denmark,2018,80.95365853658537
2908,Estonia,2018,78.2439024390244
2909,Ethiopia,2018,66.24
2910,Finland,2018,81.73414634146343
2911,"Gambia, The",2018,61.735
2912,Ghana,2018,63.78
2913,Guinea,2018,61.185
2914,Guyana,2018,69.774
2915,"Hong Kong SAR, China",2018,84.93414634146343
2916,Hungary,2018,76.0658536585366
2917,Iceland,2018,82.86097560975611
2918,"Iran, Islamic Rep.",2018,76.479
2919,Ireland,2018,82.25609756097562
2920,Israel,2018,82.80243902439025
2921,Italy,2018,83.34634146341465
2922,Jamaica,2018,74.368
2923,Japan,2018,84.2109756097561
2924,Kenya,2018,66.342
2925,Kyrgyz Republic,2018,71.4
2926,Latvia,2018,74.7829268292683
2927,Lesotho,2018,53.705
2928,Lithuania,2018,75.68048780487806
2929,"Macao SAR, China",2018,84.118
2930,Madagascar,2018,66.681
2931,Malaysia,2018,75.997
2932,Mali,2018,58.893
2933,Malta,2018,82.4487804878049
2934,Mauritius,2018,74.41634146341464
2935,Mexico,2018,74.992
2936,Nepal,2018,70.478
2937,Netherlands,2018,81.81219512195123
2938,New Zealand,2018,81.85853658536587
2939,Niger,2018,62.024
2940,Norway,2018,82.75853658536586
2941,Oman,2018,77.633
2942,Pakistan,2018,67.114
2943,Panama,2018,78.329
2944,Peru,2018,76.516
2945,Poland,2018,77.60243902439025
2946,Portugal,2018,81.32439024390244
2947,Saudi Arabia,2018,74.998
2948,Senegal,2018,67.665
2949,Slovak Republic,2018,77.2658536585366
2950,Slovenia,2018,81.3780487804878
2951,South Africa,2018,63.857
2952,Spain,2018,83.43170731707319
2953,Sri Lanka,2018,76.812
2954,St. Lucia,2018,76.057
2955,Eswatini,2018,59.401
2956,Sweden,2018,82.55853658536586
2957,Switzerland,2018,83.75365853658538
2958,Thailand,2018,76.931
2959,Togo,2018,60.76
2960,Tunisia,2018,76.505
2961,United Kingdom,2018,81.2560975609756
2962,Uruguay,2018,77.77
2963,Zambia,2018,63.51
2964,Argentina,2019,76.667
2965,Armenia,2019,75.087
2966,Australia,2019,82.9
2967,Austria,2019,81.79268292682929
2968,Azerbaijan,2019,73.005
2969,Bangladesh,2019,72.591
2970,Belgium,2019,81.74634146341464
2971,Benin,2019,61.771
2972,Brazil,2019,75.881
2973,Bulgaria,2019,74.91463414634147
2974,Burundi,2019,61.584
2975,Cameroon,2019,59.292
2976,Canada,2019,82.04878048780488
2977,Chile,2019,80.181
2978,Colombia,2019,77.287
2979,Costa Rica,2019,80.279
2980,Cote d'Ivoire,2019,57.783
2981,Cyprus,2019,80.982
2982,Czech Republic,2019,79.12926829268292
2983,Denmark,2019,81.20243902439026
2984,Estonia,2019,78.49756097560977
2985,Ethiopia,2019,66.597
2986,Finland,2019,81.78536585365856
2987,"Gambia, The",2019,62.05
2988,Ghana,2019,64.074
2989,Guinea,2019,61.602
2990,Guyana,2019,69.906
2991,"Hong Kong SAR, China",2019,85.0780487804878
2992,Hungary,2019,76.02195121951222
2993,Iceland,2019,82.5609756097561
2994,"Iran, Islamic Rep.",2019,76.677
2995,Ireland,2019,82.30243902439027
2996,Israel,2019,82.8048780487805
2997,Italy,2019,83.19756097560976
2998,Jamaica,2019,74.475
2999,Japan,2019,84.35634146341464
3000,Kenya,2019,66.699
3001,Kyrgyz Republic,2019,71.60000000000001
3002,Latvia,2019,75.23902439024391
3003,Lesotho,2019,54.331
3004,Lithuania,2019,76.13414634146342
3005,"Macao SAR, China",2019,84.244
3006,Madagascar,2019,67.041
3007,Malaysia,2019,76.156
3008,Mali,2019,59.306
3009,Malta,2019,82.6
3010,Mauritius,2019,74.23585365853658
3011,Mexico,2019,75.054
3012,Nepal,2019,70.778
3013,Netherlands,2019,82.01219512195122
3014,New Zealand,2019,81.70731707317074
3015,Niger,2019,62.42
3016,Norway,2019,82.90731707317074
3017,Oman,2019,77.861
3018,Pakistan,2019,67.273
3019,Panama,2019,78.506
3020,Peru,2019,76.736
3021,Poland,2019,77.85609756097561
3022,Portugal,2019,80.6829268292683
3023,Saudi Arabia,2019,75.133
3024,Senegal,2019,67.941
3025,Slovak Republic,2019,77.47073170731709
3026,Slovenia,2019,81.28048780487805
3027,South Africa,2019,64.131
3028,Spain,2019,83.48536585365855
3029,Sri Lanka,2019,76.978
3030,St. Lucia,2019,76.203
3031,Eswatini,2019,60.194
3032,Sweden,2019,82.95853658536586
3033,Switzerland,2019,83.7048780487805
3034,Thailand,2019,77.15
3035,Togo,2019,61.042
3036,Tunisia,2019,76.699
3037,United Kingdom,2019,81.2048780487805
3038,Uruguay,2019,77.911
3039,Zambia,2019,63.886
